name,coordinates
Neyland Stadium,"{""rings"": [[[-83.9245753, 35.9559889], [-83.9244854, 35.9559278], [-83.9244172, 35.9558693], [-83.9244313, 35.9558173], [-83.924401, 35.9558363], [-83.9243812, 35.9558151], [-83.923764, 35.9551535], [-83.9238391, 35.9551057], [-83.9237908, 35.9550427], [-83.9237479, 35.9549689], [-83.9237211, 35.9548918], [-83.9237031, 35.954812], [-83.9237037, 35.954716], [-83.9237224, 35.9546324], [-83.92375, 35.9545232], [-83.9238251, 35.9544147], [-83.9239222, 35.9543078], [-83.9240349, 35.954209], [-83.9241623, 35.9541211], [-83.9243044, 35.9540429], [-83.9244332, 35.9539886], [-83.9245592, 35.9539528], [-83.9246799, 35.9539267], [-83.9248167, 35.9539104], [-83.9249696, 35.953905], [-83.9250823, 35.9539115], [-83.9251903, 35.9539327], [-83.9252969, 35.9539691], [-83.9254169, 35.9540358], [-83.9254712, 35.9540722], [-83.9255383, 35.9541395], [-83.9255806, 35.9541118], [-83.9258393, 35.9543829], [-83.9259282, 35.9544961], [-83.9261164, 35.954672], [-83.9261025, 35.9546807], [-83.9261965, 35.954777], [-83.9262612, 35.954847], [-83.9262485, 35.954855], [-83.9262513, 35.9548584], [-83.9262771, 35.954848], [-83.9263259, 35.9549378], [-83.9263579, 35.9550342], [-83.9263708, 35.9551306], [-83.9263673, 35.9552285], [-83.9263533, 35.9552818], [-83.9263741, 35.955287], [-83.9263761, 35.9553002], [-83.9263755, 35.9553165], [-83.9263714, 35.955333], [-83.9263642, 35.955349], [-83.9263569, 35.9553604], [-83.9263474, 35.9553706], [-83.9263267, 35.955366], [-83.9263071, 35.9554133], [-83.9262642, 35.9554902], [-83.9262172, 35.9555617], [-83.9262152, 35.9555647], [-83.9262106, 35.9555706], [-83.9261638, 35.9556314], [-83.9260993, 35.9557021], [-83.9260637, 35.9557346], [-83.9260428, 35.9557203], [-83.9260082, 35.9557499], [-83.9259367, 35.9558077], [-83.9258591, 35.955861], [-83.9257786, 35.9559119], [-83.9256926, 35.9559562], [-83.9256037, 35.9559952], [-83.9256727, 35.9561059], [-83.9256248, 35.9561266], [-83.9255798, 35.9561413], [-83.9255101, 35.9561609], [-83.9254564, 35.9561761], [-83.9253097, 35.9562059], [-83.9252507, 35.9562157], [-83.9251849, 35.9562233], [-83.9251292, 35.9562249], [-83.9250648, 35.956226], [-83.9249972, 35.9562265], [-83.9248583, 35.9562163], [-83.9248929, 35.9560994], [-83.9247792, 35.9560759], [-83.9246724, 35.9560391], [-83.9245753, 35.9559889]]]}"
Humanities and Social Sciences,"{""rings"": [[[-83.9295056, 35.953948], [-83.9292971, 35.9540911], [-83.9285421, 35.9533781], [-83.9287452, 35.9532393], [-83.9295056, 35.953948]]]}"
University Printing & Mail,"{""rings"": [[[-83.9286417, 35.9463879], [-83.9286575, 35.9468502], [-83.9286637, 35.9470325], [-83.9278184, 35.94705], [-83.9277998, 35.9464992], [-83.928354, 35.9464872], [-83.9283533, 35.9463955], [-83.9286417, 35.9463879]]]}"
UT Warehouse,"{""rings"": [[[-83.9291948, 35.9462953], [-83.9288787, 35.9463466], [-83.9288965, 35.9464167], [-83.9288616, 35.9464222], [-83.9289134, 35.9466341], [-83.9288696, 35.9466421], [-83.9289419, 35.9469336], [-83.9293372, 35.9468664], [-83.9291948, 35.9462953]]]}"
UT Warehouse,"{""rings"": [[[-83.9302013, 35.94693], [-83.929966, 35.9469688], [-83.9293606, 35.9469601], [-83.9293372, 35.9468664], [-83.9291948, 35.9462953], [-83.9291793, 35.9462331], [-83.9299959, 35.9460998], [-83.9302013, 35.94693]]]}"
Alumni Memorial Building,"{""rings"": [[[-83.9260426, 35.9561375], [-83.9258042, 35.9561319], [-83.9258083, 35.9559866], [-83.9258158, 35.9558639], [-83.9260155, 35.9558665], [-83.9260163, 35.9558357], [-83.9260954, 35.955837], [-83.926096, 35.955823], [-83.9261789, 35.9558256], [-83.9262014, 35.9558074], [-83.926413, 35.9558124], [-83.9264322, 35.9558304], [-83.9265174, 35.9558322], [-83.9265165, 35.955848], [-83.9265953, 35.9558481], [-83.9265944, 35.9558789], [-83.9267944, 35.9558836], [-83.9267903, 35.95599], [-83.9268285, 35.9559896], [-83.926855, 35.9560157], [-83.9268555, 35.9560471], [-83.9268278, 35.9560703], [-83.9268268, 35.9561573], [-83.9265461, 35.9561497], [-83.9265463, 35.9561528], [-83.926495, 35.9561699], [-83.9264937, 35.9562111], [-83.9264749, 35.9562251], [-83.9264438, 35.9562242], [-83.9264279, 35.9562094], [-83.9264279, 35.9562073], [-83.9261578, 35.9562019], [-83.9261387, 35.9562172], [-83.9261066, 35.9562161], [-83.9260909, 35.9562018], [-83.9260922, 35.9561601], [-83.9260427, 35.9561405], [-83.9260426, 35.9561375]]]}"
Ayres Hall,"{""rings"": [[[-83.9265314, 35.9574575], [-83.9264131, 35.9575064], [-83.9263545, 35.9574138], [-83.9263181, 35.9574288], [-83.9263146, 35.9574233], [-83.9261086, 35.9575087], [-83.92613, 35.9575427], [-83.9260763, 35.9575649], [-83.9260852, 35.957579], [-83.9260352, 35.9575997], [-83.925997, 35.9576156], [-83.9259882, 35.9576016], [-83.9259289, 35.9576262], [-83.9259087, 35.9575945], [-83.9257055, 35.957679], [-83.9257088, 35.9576842], [-83.92567, 35.9577004], [-83.925728, 35.9577915], [-83.9256121, 35.9578399], [-83.9254524, 35.9575892], [-83.9256348, 35.9575131], [-83.9256526, 35.9575412], [-83.9258322, 35.9574663], [-83.9258146, 35.9574387], [-83.9258646, 35.9574179], [-83.9258565, 35.9574053], [-83.9259043, 35.9573854], [-83.9259538, 35.9573648], [-83.9259618, 35.9573773], [-83.9260119, 35.9573565], [-83.9260286, 35.9573829], [-83.9262048, 35.9573099], [-83.926187, 35.9572818], [-83.926372, 35.9572052], [-83.9265314, 35.9574575]]]}"
Berry Hall;Thompson-Boling Assembly Center and Arena,"{""rings"": [[[-83.9260095, 35.9505095], [-83.9258006, 35.9504216], [-83.9256872, 35.9505927], [-83.9260625, 35.950745], [-83.92612, 35.9507683], [-83.926335, 35.9508555], [-83.9262495, 35.9509789], [-83.9261441, 35.9509367], [-83.9258956, 35.951004], [-83.925752, 35.9510429], [-83.9257664, 35.9510865], [-83.9253703, 35.9517116], [-83.9253492, 35.9517179], [-83.9253794, 35.9517955], [-83.9254632, 35.9520109], [-83.9255455, 35.9520443], [-83.9254641, 35.9521677], [-83.9252094, 35.952063], [-83.9249489, 35.951956], [-83.9247985, 35.9521951], [-83.9246235, 35.9524734], [-83.9246959, 35.9524924], [-83.9246755, 35.9525326], [-83.9243174, 35.9532379], [-83.9241793, 35.9531935], [-83.9241627, 35.9532248], [-83.9242231, 35.9532428], [-83.9242073, 35.9532753], [-83.9242393, 35.9532876], [-83.9240103, 35.9537281], [-83.9240296, 35.9537345], [-83.9236768, 35.954491], [-83.9236305, 35.9544764], [-83.9235143, 35.9544398], [-83.9234691, 35.9545293], [-83.9233696, 35.9544984], [-83.9234024, 35.9544312], [-83.9234566, 35.9544487], [-83.9234701, 35.9544224], [-83.9232527, 35.9543486], [-83.9231563, 35.9543164], [-83.9235411, 35.9535815], [-83.9235813, 35.9535933], [-83.9236095, 35.9535297], [-83.9235748, 35.9535192], [-83.9237669, 35.9531404], [-83.9238029, 35.9531515], [-83.9238364, 35.9530882], [-83.9237964, 35.9530763], [-83.9238175, 35.9530343], [-83.9241743, 35.952325], [-83.9242725, 35.9523562], [-83.9245615, 35.9524481], [-83.9247361, 35.9521698], [-83.9248884, 35.9519272], [-83.9248423, 35.9519143], [-83.9247605, 35.9520552], [-83.9242963, 35.9518773], [-83.9243575, 35.951786], [-83.9243212, 35.9516967], [-83.9242, 35.9513966], [-83.9246769, 35.9506248], [-83.924712, 35.9506135], [-83.9247046, 35.9505893], [-83.9247745, 35.9504783], [-83.9251486, 35.9503788], [-83.9252646, 35.9501977], [-83.9252305, 35.9501839], [-83.9253905, 35.9499321], [-83.9255155, 35.949981], [-83.9255571, 35.949915], [-83.9256076, 35.949936], [-83.9256132, 35.9499287], [-83.9255722, 35.9499009], [-83.9256114, 35.9498626], [-83.9257045, 35.9499227], [-83.9256869, 35.9499396], [-83.9260606, 35.950186], [-83.926017, 35.9502623], [-83.9261369, 35.9503134], [-83.9260095, 35.9505095]]]}"
Carousel Theatre,"{""rings"": [[[-83.9301936, 35.9532635], [-83.9301344, 35.953309], [-83.9301075, 35.9533297], [-83.9299923, 35.9533234], [-83.9299168, 35.9532553], [-83.929914, 35.9531605], [-83.9300017, 35.9530961], [-83.9300489, 35.9530953], [-83.9300466, 35.9530513], [-83.9299986, 35.9530502], [-83.9300001, 35.9529943], [-83.9301956, 35.9529977], [-83.9301971, 35.9530531], [-83.9300878, 35.9530532], [-83.9300886, 35.9530966], [-83.9301212, 35.9531015], [-83.9301231, 35.9531036], [-83.9302023, 35.9531716], [-83.9301936, 35.9532635]]]}"
Carrick Hall,"{""rings"": [[[-83.9353167, 35.952365], [-83.9352265, 35.9524094], [-83.9352036, 35.9523817], [-83.935184, 35.9523911], [-83.9350964, 35.9522731], [-83.9349583, 35.9523427], [-83.9345973, 35.95186], [-83.9347349, 35.9517922], [-83.9346508, 35.9516748], [-83.9346721, 35.9516649], [-83.9346488, 35.9516333], [-83.9347384, 35.9515909], [-83.9347641, 35.9516183], [-83.9347839, 35.9516117], [-83.9349205, 35.9517969], [-83.9349109, 35.9518036], [-83.9349786, 35.9518943], [-83.9348555, 35.9519581], [-83.9348694, 35.9519822], [-83.9348534, 35.9519895], [-83.9348668, 35.9520084], [-83.934886, 35.9519995], [-83.9349323, 35.9520645], [-83.9350616, 35.9520007], [-83.9351509, 35.9521259], [-83.935167, 35.9521207], [-83.9353118, 35.9523312], [-83.935298, 35.9523374], [-83.9353167, 35.952365]]]}"
Claxton Hall,"{""rings"": [[[-83.9278329, 35.9544891], [-83.927312, 35.954461], [-83.9273173, 35.9543999], [-83.9272796, 35.9544261], [-83.9271915, 35.9543458], [-83.9272866, 35.9542787], [-83.9277375, 35.9543047], [-83.9277405, 35.9542657], [-83.9278437, 35.9542707], [-83.9279694, 35.9543875], [-83.927896, 35.9544393], [-83.9278898, 35.9544335], [-83.9278699, 35.9544477], [-83.9278759, 35.9544553], [-83.9278329, 35.9544891]]]}"
Claxton Hall,"{""rings"": [[[-83.9278701, 35.9545442], [-83.9278558, 35.9545308], [-83.9279346, 35.9544756], [-83.92795, 35.95449], [-83.9280135, 35.9544456], [-83.9283687, 35.9547787], [-83.9282085, 35.9548907], [-83.9283883, 35.9550593], [-83.9282736, 35.9551395], [-83.9282272, 35.9550961], [-83.9282161, 35.9551039], [-83.9279633, 35.9548679], [-83.9279889, 35.9548499], [-83.9279724, 35.9548345], [-83.9280576, 35.9547745], [-83.9281023, 35.9548163], [-83.9281391, 35.9547904], [-83.9279895, 35.954651], [-83.927804, 35.9547815], [-83.9277553, 35.9547361], [-83.9277099, 35.954768], [-83.9276419, 35.9547045], [-83.9278701, 35.9545442]]]}"
Clement Hall,"{""rings"": [[[-83.93195, 35.9569762], [-83.9320424, 35.9571422], [-83.9321435, 35.9571054], [-83.9322373, 35.957274], [-83.9321383, 35.95731], [-83.9321742, 35.9573745], [-83.9326235, 35.9572109], [-83.9326883, 35.9573274], [-83.9320204, 35.9575708], [-83.931957, 35.9574569], [-83.9320377, 35.9574275], [-83.9318142, 35.9570257], [-83.93195, 35.9569762]]]}"
Dougherty Hall,"{""rings"": [[[-83.9244163, 35.958273], [-83.9242151, 35.9583525], [-83.9241948, 35.9583594], [-83.9239683, 35.9579971], [-83.9236164, 35.9574311], [-83.923539, 35.9574616], [-83.9234932, 35.9573857], [-83.9235963, 35.957345], [-83.9236316, 35.9574036], [-83.9238418, 35.9573206], [-83.9244163, 35.958273]]]}"
James A. Haslam II Business Building,"{""rings"": [[[-83.9290982, 35.955804], [-83.9290856, 35.9558083], [-83.9290881, 35.9558124], [-83.9290101, 35.9558432], [-83.9290065, 35.955837], [-83.9289912, 35.9558433], [-83.9289838, 35.9558315], [-83.9288949, 35.955864], [-83.9289017, 35.9558767], [-83.9288768, 35.9558865], [-83.92889, 35.9559082], [-83.9287742, 35.9559515], [-83.9287652, 35.9559338], [-83.9287049, 35.955957], [-83.9287142, 35.9559728], [-83.9285342, 35.9560407], [-83.9285075, 35.9560509], [-83.928495, 35.9560291], [-83.928477, 35.956036], [-83.9282661, 35.9556694], [-83.9282884, 35.9556615], [-83.9282791, 35.9556451], [-83.9283424, 35.9556208], [-83.9283351, 35.9556064], [-83.9284777, 35.955553], [-83.9284857, 35.9555681], [-83.9285448, 35.9555459], [-83.9285361, 35.9555308], [-83.9286567, 35.9554863], [-83.9286284, 35.9554395], [-83.9286448, 35.9554328], [-83.9286516, 35.9554216], [-83.9286617, 35.9554123], [-83.9286733, 35.9554037], [-83.9286862, 35.9553979], [-83.9287002, 35.9553937], [-83.9287162, 35.9553925], [-83.9287305, 35.9553935], [-83.9287438, 35.9553972], [-83.9287619, 35.9553892], [-83.9287731, 35.9554102], [-83.9288452, 35.9553823], [-83.9288514, 35.9553903], [-83.9288612, 35.9553849], [-83.9289592, 35.9555563], [-83.9289646, 35.9555547], [-83.9289687, 35.9555636], [-83.928976, 35.9555615], [-83.9290085, 35.9556205], [-83.9290017, 35.9556234], [-83.9290071, 35.9556318], [-83.9290013, 35.9556339], [-83.9290982, 35.955804]]]}"
John C. Hodges Library,"{""rings"": [[[-83.9303774, 35.9552198], [-83.9302897, 35.9552483], [-83.9303225, 35.955307], [-83.9296536, 35.9555603], [-83.9296097, 35.9554813], [-83.9295908, 35.9554883], [-83.9296042, 35.9555101], [-83.9294795, 35.9555572], [-83.9294036, 35.9554135], [-83.9294351, 35.955403], [-83.92939, 35.9553633], [-83.9293548, 35.9553153], [-83.9293223, 35.9552123], [-83.9292913, 35.9552188], [-83.9292134, 35.9550788], [-83.9293322, 35.9550357], [-83.9293424, 35.955056], [-83.9293635, 35.9550487], [-83.929308, 35.9549576], [-83.9293979, 35.9549297], [-83.9293835, 35.9549043], [-83.9294648, 35.9548749], [-83.929457, 35.9548514], [-83.9295352, 35.954823], [-83.9295209, 35.9547945], [-83.9295979, 35.9547679], [-83.9295865, 35.9547463], [-83.9296742, 35.954717], [-83.9296631, 35.954692], [-83.9297441, 35.954662], [-83.929728, 35.9546362], [-83.9298135, 35.9546073], [-83.9297996, 35.9545839], [-83.9298853, 35.9545491], [-83.9299827, 35.9547046], [-83.9300192, 35.9546922], [-83.9300672, 35.9546759], [-83.9301409, 35.9548066], [-83.9302233, 35.95478], [-83.9302609, 35.9548464], [-83.930384, 35.954879], [-83.9304656, 35.9550253], [-83.9303824, 35.9550602], [-83.9304208, 35.9551221], [-83.9303382, 35.9551514], [-83.9303774, 35.9552198]]]}"
Hoskins Library,"{""rings"": [[[-83.9284427, 35.9588603], [-83.9280552, 35.9590124], [-83.9280021, 35.9589169], [-83.9277741, 35.9590094], [-83.9277907, 35.9590349], [-83.9276766, 35.9590776], [-83.9274727, 35.9587494], [-83.9275951, 35.9587013], [-83.9276216, 35.9587437], [-83.9276803, 35.9587165], [-83.927672, 35.9586871], [-83.9277653, 35.9586498], [-83.9277878, 35.9586852], [-83.9281174, 35.9585513], [-83.9281056, 35.9585299], [-83.9281727, 35.9585015], [-83.9281894, 35.9585222], [-83.9282334, 35.9585115], [-83.9282619, 35.9585603], [-83.9282894, 35.9585566], [-83.9284399, 35.9587899], [-83.9284054, 35.9588018], [-83.9284427, 35.9588603]]]}"
Massey Hall,"{""rings"": [[[-83.9316219, 35.9560868], [-83.9316389, 35.9561206], [-83.9316311, 35.9561229], [-83.9316626, 35.9561827], [-83.931552, 35.9562221], [-83.9315504, 35.9562189], [-83.931463, 35.9562487], [-83.9314533, 35.9562307], [-83.9312466, 35.9563034], [-83.9311934, 35.9562019], [-83.931488, 35.9560993], [-83.9313195, 35.9557808], [-83.931026, 35.9558836], [-83.9309722, 35.9557826], [-83.9312671, 35.955681], [-83.9312546, 35.9556584], [-83.931365, 35.9556199], [-83.9313979, 35.9556799], [-83.9314074, 35.9556772], [-83.9314233, 35.9557107], [-83.9314286, 35.955709], [-83.9314611, 35.9557758], [-83.9316267, 35.9560852], [-83.9316219, 35.9560868]]]}"
McClung Museum,"{""rings"": [[[-83.9271886, 35.9521446], [-83.9270815, 35.9522175], [-83.9270111, 35.9521533], [-83.9271406, 35.9520589], [-83.9269692, 35.9519019], [-83.9271144, 35.9517981], [-83.9271254, 35.9518098], [-83.9271511, 35.9517945], [-83.9271923, 35.9518329], [-83.9271672, 35.9518493], [-83.9272352, 35.9519135], [-83.927249, 35.9519041], [-83.9272587, 35.9519141], [-83.9273142, 35.9518759], [-83.9274221, 35.9519751], [-83.9273884, 35.9519999], [-83.9274731, 35.9520802], [-83.927442, 35.9521011], [-83.927455, 35.952115], [-83.9273125, 35.9522159], [-83.9272995, 35.9522055], [-83.927274, 35.9522243], [-83.9271886, 35.9521446]]]}"
McCord Hall,"{""rings"": [[[-83.9432568, 35.9486326], [-83.9428411, 35.9488566], [-83.9427226, 35.9487126], [-83.9430532, 35.9485344], [-83.9430174, 35.9484909], [-83.9431025, 35.948445], [-83.9432568, 35.9486326]]]}"
Neyland-Thompson Sports Center,"{""rings"": [[[-83.9283584, 35.950671], [-83.9285881, 35.9508824], [-83.9283365, 35.9510583], [-83.9283806, 35.9511001], [-83.9283576, 35.9511327], [-83.9283267, 35.9511632], [-83.9283077, 35.9511517], [-83.9282502, 35.9511909], [-83.9282644, 35.9512076], [-83.9282231, 35.9512302], [-83.9281797, 35.951246], [-83.9280888, 35.9511601], [-83.9280393, 35.9511937], [-83.9280838, 35.9512339], [-83.9280448, 35.9512608], [-83.927968, 35.9511914], [-83.927838, 35.9512776], [-83.927381, 35.9508517], [-83.92736, 35.9508678], [-83.9273269, 35.9508499], [-83.9273002, 35.9508297], [-83.9272773, 35.9508044], [-83.9272658, 35.9507785], [-83.9272846, 35.9507618], [-83.9271118, 35.9506007], [-83.927212, 35.9505233], [-83.9271722, 35.9504875], [-83.9270656, 35.9505599], [-83.9269949, 35.9504949], [-83.9269732, 35.9505085], [-83.9268238, 35.9503708], [-83.9268409, 35.950355], [-83.9267722, 35.9502883], [-83.9267922, 35.9502709], [-83.9267438, 35.9502264], [-83.9267648, 35.9502096], [-83.9267454, 35.9501927], [-83.9267681, 35.950175], [-83.9267465, 35.9501582], [-83.9268046, 35.9501152], [-83.9267623, 35.9500749], [-83.926807, 35.9500429], [-83.9268145, 35.9500465], [-83.9268237, 35.9500399], [-83.9268047, 35.9500193], [-83.9267851, 35.9500351], [-83.9266973, 35.9499543], [-83.9268578, 35.949844], [-83.9268544, 35.9498231], [-83.9271866, 35.9495859], [-83.927196, 35.9495979], [-83.9275716, 35.9493219], [-83.9276694, 35.9494104], [-83.9276039, 35.9494626], [-83.928106, 35.9499306], [-83.9280744, 35.9499576], [-83.9281148, 35.9499917], [-83.9278565, 35.9501776], [-83.9278142, 35.9501386], [-83.9277985, 35.9501493], [-83.9283311, 35.9506454], [-83.928309, 35.9506658], [-83.9283327, 35.9506878], [-83.9283584, 35.950671]]]}"
Nielsen Physics Building,"{""rings"": [[[-83.9258379, 35.956563], [-83.9255034, 35.956703], [-83.9255124, 35.9567172], [-83.925454, 35.9567416], [-83.9254444, 35.9567266], [-83.9253038, 35.9567855], [-83.9252223, 35.9566579], [-83.9252261, 35.9566563], [-83.925215, 35.9566388], [-83.9253561, 35.9565798], [-83.9252935, 35.9564815], [-83.9254491, 35.9564166], [-83.9254555, 35.9564266], [-83.9256849, 35.9563308], [-83.9257454, 35.9564257], [-83.9256104, 35.9564821], [-83.9256164, 35.9564915], [-83.9257551, 35.9564334], [-83.9258379, 35.956563]]]}"
UT Veterinary Medical Center,"{""rings"": [[[-83.9404522, 35.946413], [-83.940608, 35.9463253], [-83.9406607, 35.946392], [-83.9406957, 35.9463718], [-83.9406427, 35.946308], [-83.9411583, 35.9460242], [-83.9413332, 35.9462249], [-83.9408207, 35.9465168], [-83.9407616, 35.9464448], [-83.9407217, 35.9464678], [-83.9407793, 35.946535], [-83.9406585, 35.9466023], [-83.9406485, 35.9465912], [-83.9405986, 35.9466165], [-83.9406056, 35.9466276], [-83.9404729, 35.9467046], [-83.9404844, 35.9467187], [-83.9403733, 35.9467827], [-83.9401359, 35.9464982], [-83.9401477, 35.9464904], [-83.9401037, 35.946439], [-83.9401983, 35.9463845], [-83.9399919, 35.9461269], [-83.9399821, 35.9461205], [-83.93995, 35.9461343], [-83.939908, 35.9460817], [-83.9399336, 35.9460661], [-83.9399057, 35.9460304], [-83.9398273, 35.9460744], [-83.9397088, 35.9459328], [-83.9397877, 35.945887], [-83.9397079, 35.9457967], [-83.9397653, 35.9457664], [-83.939739, 35.9457334], [-83.9397653, 35.945718], [-83.939816, 35.9456916], [-83.9398683, 35.9457474], [-83.9399102, 35.945725], [-83.9398341, 35.9456357], [-83.9399698, 35.945563], [-83.9399399, 35.9455255], [-83.939913, 35.9455414], [-83.9399295, 35.9455608], [-83.9397597, 35.9456567], [-83.93959, 35.9457508], [-83.9395276, 35.945668], [-83.9394992, 35.9456833], [-83.9393876, 35.945549], [-83.9393581, 35.9455649], [-83.9391847, 35.9453577], [-83.939561, 35.9451523], [-83.9394646, 35.9450311], [-83.9391029, 35.9452374], [-83.9388232, 35.9449159], [-83.9395185, 35.9445336], [-83.9395711, 35.9445932], [-83.9395919, 35.9445833], [-83.9397107, 35.9447289], [-83.9396929, 35.9447393], [-83.9397909, 35.9448559], [-83.9397076, 35.9449044], [-83.9397777, 35.9449844], [-83.9398119, 35.9449675], [-83.9398258, 35.9449656], [-83.9398426, 35.9449653], [-83.9398575, 35.9449725], [-83.9398702, 35.9449786], [-83.9398904, 35.945004], [-83.9400448, 35.9449224], [-83.9399883, 35.94485], [-83.9401281, 35.9447743], [-83.9401841, 35.9448405], [-83.9402643, 35.9447969], [-83.9404218, 35.9449741], [-83.9403196, 35.9450336], [-83.940477, 35.9452215], [-83.9404246, 35.9452539], [-83.9404552, 35.9452891], [-83.9405102, 35.9452637], [-83.9405637, 35.9453264], [-83.9406461, 35.9452816], [-83.9408307, 35.9454975], [-83.9407508, 35.9455415], [-83.9409768, 35.9458128], [-83.941063, 35.9457708], [-83.9411717, 35.945905], [-83.940588, 35.9462304], [-83.9403225, 35.9459181], [-83.9402021, 35.9459812], [-83.9401137, 35.9458721], [-83.9401525, 35.9458508], [-83.9401377, 35.945829], [-83.9399982, 35.9459106], [-83.94012, 35.9460515], [-83.9401846, 35.9461323], [-83.9402467, 35.9461015], [-83.940474, 35.9463751], [-83.9404365, 35.9463967], [-83.9404522, 35.946413]]]}"
Perkins Hall,"{""rings"": [[[-83.9242739, 35.9566162], [-83.923993, 35.956729], [-83.9238232, 35.9564519], [-83.9237555, 35.9564791], [-83.9237019, 35.9563915], [-83.9240724, 35.9562428], [-83.9241027, 35.9562921], [-83.9242081, 35.9562498], [-83.9242642, 35.9563414], [-83.9240324, 35.9564344], [-83.9241161, 35.9565709], [-83.9242205, 35.956529], [-83.9242739, 35.9566162]]]}"
Biosystems Engineering & Soil Science Lab,"{""rings"": [[[-83.9405221, 35.9486127], [-83.9402961, 35.9487315], [-83.9395102, 35.9478092], [-83.9397324, 35.947683], [-83.9398261, 35.9477939], [-83.9398759, 35.9477577], [-83.9399168, 35.9478042], [-83.9399602, 35.9477804], [-83.9403752, 35.9482705], [-83.9403727, 35.9482932], [-83.9403305, 35.9482653], [-83.9402577, 35.9482994], [-83.9405221, 35.9486127]]]}"
Reese Hall,"{""rings"": [[[-83.9350158, 35.952841], [-83.9348685, 35.9529164], [-83.9348047, 35.9528276], [-83.9347725, 35.952843], [-83.9347838, 35.9528597], [-83.9344125, 35.9530466], [-83.9343275, 35.9529372], [-83.9346996, 35.9527538], [-83.9347105, 35.9527694], [-83.9347432, 35.952753], [-83.9347219, 35.9527308], [-83.934731, 35.9527267], [-83.934717, 35.9527082], [-83.9347661, 35.9526867], [-83.934702, 35.952602], [-83.9347502, 35.9525761], [-83.9348198, 35.9526603], [-83.9348628, 35.9526363], [-83.9348745, 35.9526558], [-83.934884, 35.9526525], [-83.9349068, 35.9526787], [-83.93493, 35.9526671], [-83.9349201, 35.9526522], [-83.9352939, 35.9524587], [-83.9353031, 35.9524775], [-83.935333, 35.9524619], [-83.9353894, 35.9525389], [-83.9353604, 35.9525526], [-83.9353741, 35.9525697], [-83.9350034, 35.9527561], [-83.9349878, 35.9527397], [-83.9349582, 35.9527546], [-83.9350158, 35.952841]]]}"
South College,"{""rings"": [[[-83.9254075, 35.9573935], [-83.9252706, 35.9574514], [-83.9251059, 35.9571961], [-83.9251479, 35.9571784], [-83.9251409, 35.9571675], [-83.9251907, 35.9571465], [-83.925199, 35.9571594], [-83.9252368, 35.9571434], [-83.9252441, 35.9571403], [-83.9254075, 35.9573935]]]}"
Taylor Law Center,"{""rings"": [[[-83.9294482, 35.9582128], [-83.9294752, 35.9582631], [-83.9293524, 35.9583096], [-83.9293357, 35.9582847], [-83.9293168, 35.9582915], [-83.9293226, 35.9583006], [-83.9293187, 35.9583099], [-83.9293171, 35.9583138], [-83.9292928, 35.9583241], [-83.9292846, 35.9583211], [-83.9292748, 35.9583175], [-83.9292698, 35.9583084], [-83.9292457, 35.958317], [-83.9292605, 35.9583433], [-83.9290857, 35.9584064], [-83.9290513, 35.9584188], [-83.9290139, 35.9584323], [-83.9290106, 35.9584335], [-83.9289707, 35.9583611], [-83.928954, 35.9583308], [-83.9288931, 35.9582203], [-83.9289967, 35.9581835], [-83.9290045, 35.9581807], [-83.9290098, 35.9581806], [-83.9290303, 35.9582162], [-83.9291151, 35.9581842], [-83.9291652, 35.9581654], [-83.9292501, 35.9581335], [-83.9292305, 35.9580992], [-83.9292477, 35.9580928], [-83.9292451, 35.9580884], [-83.9292499, 35.958087], [-83.9293361, 35.958055], [-83.9293423, 35.9580531], [-83.9293444, 35.9580573], [-83.9293579, 35.9580524], [-83.9293771, 35.9580875], [-83.9294021, 35.9581334], [-83.9294431, 35.95812], [-83.9294362, 35.9580779], [-83.9294483, 35.9580578], [-83.9294284, 35.9580408], [-83.9294622, 35.9580163], [-83.9294854, 35.9580007], [-83.9295027, 35.9580167], [-83.9295096, 35.9580138], [-83.9295179, 35.958013], [-83.9295272, 35.9580125], [-83.9295373, 35.9580126], [-83.9295462, 35.9580131], [-83.9295548, 35.9580141], [-83.9295633, 35.9580161], [-83.9295721, 35.9580185], [-83.9294999, 35.957887], [-83.9295592, 35.9578647], [-83.9295567, 35.9578583], [-83.9295892, 35.9578466], [-83.9295861, 35.9578401], [-83.929607, 35.9578323], [-83.9296099, 35.957819], [-83.9296486, 35.9578052], [-83.9296615, 35.9578121], [-83.9296854, 35.9578033], [-83.92969, 35.9578098], [-83.9297227, 35.9577989], [-83.9297264, 35.9578045], [-83.9297858, 35.9577827], [-83.9298722, 35.9579387], [-83.9298357, 35.9579504], [-83.9298673, 35.9580013], [-83.9298459, 35.9580098], [-83.9298584, 35.958032], [-83.9298661, 35.9580288], [-83.9298829, 35.9580587], [-83.9298743, 35.9580622], [-83.9298912, 35.9580922], [-83.9298986, 35.9580887], [-83.9299159, 35.9581188], [-83.9299073, 35.9581224], [-83.9299245, 35.9581523], [-83.9299317, 35.9581492], [-83.9299495, 35.9581788], [-83.9299409, 35.9581826], [-83.9299532, 35.9582035], [-83.9299737, 35.9581963], [-83.9300037, 35.9582467], [-83.9300347, 35.9582336], [-83.9301219, 35.9583912], [-83.9299667, 35.9584473], [-83.9299623, 35.9584383], [-83.9298514, 35.9584762], [-83.9298568, 35.958487], [-83.9297204, 35.9585363], [-83.9295871, 35.9582949], [-83.9295996, 35.9582863], [-83.9294982, 35.9581936], [-83.9294727, 35.9582034], [-83.9294482, 35.9582128]]]}"
Walters Academic Building,"{""rings"": [[[-83.9275261, 35.9574543], [-83.927473, 35.957474], [-83.9273003, 35.9571685], [-83.9273549, 35.9571482], [-83.9272756, 35.957008], [-83.9273722, 35.9569722], [-83.9273588, 35.9569486], [-83.9274322, 35.9569214], [-83.9274453, 35.9569446], [-83.9278246, 35.9568038], [-83.9281549, 35.957387], [-83.9277728, 35.9575288], [-83.927785, 35.9575504], [-83.9277162, 35.9575759], [-83.927704, 35.9575544], [-83.9276037, 35.9575915], [-83.9275261, 35.9574543]]]}"
Tyson Alumni Center,"{""rings"": [[[-83.9303518, 35.9558025], [-83.930283, 35.9558282], [-83.9302831, 35.9558361], [-83.9301393, 35.9558894], [-83.9301288, 35.9558709], [-83.9301063, 35.9558792], [-83.9301034, 35.9558741], [-83.9300602, 35.9558902], [-83.9299928, 35.9557714], [-83.9300339, 35.9557561], [-83.9300299, 35.9557491], [-83.9300518, 35.955741], [-83.9300409, 35.9557219], [-83.9300752, 35.9557091], [-83.9301515, 35.9556806], [-83.9301874, 35.9556672], [-83.9301928, 35.9556766], [-83.9302676, 35.9556486], [-83.9303008, 35.9557067], [-83.9303346, 35.9556941], [-83.9303629, 35.9557437], [-83.9303262, 35.9557575], [-83.9303518, 35.9558025]]]}"
Art and Architecture,"{""rings"": [[[-83.930215, 35.9523643], [-83.9293062, 35.953019], [-83.9291668, 35.9528923], [-83.9292399, 35.9528396], [-83.9291747, 35.9527803], [-83.9290608, 35.9528624], [-83.9291147, 35.9529114], [-83.9290904, 35.9529266], [-83.9289124, 35.9527647], [-83.9298896, 35.9520575], [-83.9300493, 35.9522019], [-83.9299795, 35.952256], [-83.9300213, 35.9522978], [-83.9300921, 35.9522525], [-83.930215, 35.9523643]]]}"
Student Aquatic Center,"{""rings"": [[[-83.9346691, 35.95018], [-83.9345558, 35.9500777], [-83.9348157, 35.9498905], [-83.9347787, 35.9498561], [-83.9351145, 35.9496083], [-83.9351587, 35.9496449], [-83.9354114, 35.949463], [-83.9355225, 35.9495663], [-83.9354438, 35.9496175], [-83.9357321, 35.9498919], [-83.9350495, 35.9503949], [-83.9347454, 35.9501271], [-83.9346691, 35.95018]]]}"
C.E. Brehm Animal Sciences Building,"{""rings"": [[[-83.9424275, 35.9476926], [-83.9420236, 35.9479134], [-83.9418474, 35.9477022], [-83.9419506, 35.9476458], [-83.9418911, 35.9475744], [-83.941985, 35.9475231], [-83.9419193, 35.9474444], [-83.9413128, 35.947776], [-83.9409443, 35.9473343], [-83.9416741, 35.9469353], [-83.9421543, 35.947511], [-83.9422379, 35.9474653], [-83.9424275, 35.9476926]]]}"
Austin Peay Hall,"{""rings"": [[[-83.9269865, 35.9569209], [-83.9270992, 35.9568744], [-83.9271503, 35.9569554], [-83.9270379, 35.9570018], [-83.9272346, 35.9573143], [-83.9271195, 35.9573617], [-83.9271291, 35.957377], [-83.9270153, 35.957424], [-83.9268756, 35.9572021], [-83.926907, 35.9571892], [-83.926753, 35.9569446], [-83.9269502, 35.9568632], [-83.9269865, 35.9569209]]]}"
McClung Tower,"{""rings"": [[[-83.9288266, 35.9540742], [-83.9288189, 35.9540671], [-83.9288277, 35.9540609], [-83.9287888, 35.9540252], [-83.9289293, 35.9539249], [-83.9289681, 35.9539604], [-83.9289749, 35.9539555], [-83.9289835, 35.9539635], [-83.9290253, 35.9539336], [-83.9291496, 35.9540476], [-83.9291093, 35.9540765], [-83.9291163, 35.9540829], [-83.9291082, 35.9540887], [-83.9291462, 35.9541262], [-83.9290027, 35.9542234], [-83.9289652, 35.9541908], [-83.928957, 35.9541966], [-83.9289486, 35.9541889], [-83.9289067, 35.9542188], [-83.9287829, 35.9541054], [-83.9288266, 35.9540742]]]}"
HPER (Physical Education),"{""rings"": [[[-83.9331544, 35.951616], [-83.9328629, 35.9518128], [-83.9329424, 35.9518837], [-83.9325023, 35.9522008], [-83.9324776, 35.9521747], [-83.9324345, 35.9521909], [-83.9321041, 35.9519033], [-83.9321438, 35.951872], [-83.9321144, 35.951842], [-83.9325569, 35.9515314], [-83.9327394, 35.9516808], [-83.933019, 35.9514914], [-83.9328863, 35.9513726], [-83.9331223, 35.9512079], [-83.933512, 35.9515564], [-83.9332778, 35.9517284], [-83.9331544, 35.951616]]]}"
Morgan Hall,"{""rings"": [[[-83.9424199, 35.9490045], [-83.9422989, 35.9490738], [-83.9422808, 35.9490528], [-83.9418492, 35.9492958], [-83.9418646, 35.9493165], [-83.941737, 35.9493859], [-83.9415414, 35.9491519], [-83.9417404, 35.9490448], [-83.9418452, 35.9491652], [-83.9419165, 35.9491243], [-83.9417415, 35.948931], [-83.9418356, 35.9488753], [-83.9418883, 35.9488463], [-83.9420588, 35.949036], [-83.942127, 35.9490016], [-83.9420333, 35.9488809], [-83.9422233, 35.9487704], [-83.9424199, 35.9490045]]]}"
UT Drive Services Building,"{""rings"": [[[-83.934801, 35.9484686], [-83.9347063, 35.9483813], [-83.9350118, 35.9481641], [-83.9349857, 35.94814], [-83.9351152, 35.948048], [-83.9351516, 35.9480815], [-83.9355631, 35.9477891], [-83.9356519, 35.9478709], [-83.9354366, 35.948024], [-83.9352337, 35.9481681], [-83.9352877, 35.9482179], [-83.9351893, 35.9482878], [-83.935131, 35.9482341], [-83.934801, 35.9484686]]]}"
Jessie Harris Building,"{""rings"": [[[-83.9267486, 35.9595282], [-83.9266419, 35.9595691], [-83.9266376, 35.9595614], [-83.9265666, 35.9595893], [-83.9264171, 35.9593299], [-83.9264547, 35.9593161], [-83.9264347, 35.9592805], [-83.9264064, 35.9592331], [-83.9263285, 35.9592627], [-83.9262549, 35.9592878], [-83.926249, 35.9593051], [-83.9262079, 35.9593211], [-83.9261862, 35.9593134], [-83.9260373, 35.9593697], [-83.9260567, 35.9594105], [-83.9259469, 35.9594512], [-83.9258194, 35.9592285], [-83.9259303, 35.959187], [-83.9259463, 35.9592148], [-83.9259625, 35.9592088], [-83.9259914, 35.9592573], [-83.9260099, 35.9592504], [-83.9259742, 35.959191], [-83.9260289, 35.9591704], [-83.9260628, 35.9592306], [-83.9261363, 35.9592031], [-83.926117, 35.9591704], [-83.9261666, 35.9591516], [-83.9261854, 35.9591843], [-83.9263159, 35.9591358], [-83.9262845, 35.9590824], [-83.926337, 35.9590612], [-83.9263413, 35.9590702], [-83.9263545, 35.9590656], [-83.926353, 35.9590612], [-83.9264377, 35.9590291], [-83.9265446, 35.9592114], [-83.926554, 35.9592069], [-83.9265713, 35.9592336], [-83.9265897, 35.9592643], [-83.9265994, 35.9592611], [-83.9267486, 35.9595282]]]}"
School of Information Sciences,"{""rings"": [[[-83.9266678, 35.9523096], [-83.9266198, 35.9521472], [-83.9264869, 35.9521796], [-83.9263645, 35.9522269], [-83.9263028, 35.952129], [-83.9261279, 35.952222], [-83.9260789, 35.9521742], [-83.9260505, 35.9521414], [-83.9260294, 35.9521169], [-83.9260449, 35.9521072], [-83.9260568, 35.9521168], [-83.926074, 35.9521155], [-83.9260863, 35.9521061], [-83.9260833, 35.9520884], [-83.9260285, 35.9520444], [-83.9260613, 35.9520199], [-83.9259155, 35.9518922], [-83.9256224, 35.9520991], [-83.9257575, 35.952232], [-83.9257907, 35.9522099], [-83.925847, 35.9522596], [-83.9258651, 35.9522602], [-83.9258772, 35.9522532], [-83.9258773, 35.9522383], [-83.9258669, 35.952227], [-83.9258833, 35.9522165], [-83.9259099, 35.9522422], [-83.9259415, 35.9522727], [-83.9259905, 35.9523188], [-83.9258733, 35.9524241], [-83.9257512, 35.9525887], [-83.9256716, 35.9527549], [-83.9256361, 35.9528944], [-83.9256261, 35.9530616], [-83.9256496, 35.9532163], [-83.9257158, 35.9534096], [-83.9258243, 35.9535633], [-83.9259352, 35.9536839], [-83.9259962, 35.9536337], [-83.9260328, 35.9536696], [-83.9262019, 35.9535395], [-83.9260664, 35.9533913], [-83.9259667, 35.9531737], [-83.9259471, 35.9530195], [-83.9259676, 35.9528832], [-83.9260549, 35.9526962], [-83.9261558, 35.9525755], [-83.9262748, 35.9524739], [-83.9264196, 35.9523932], [-83.9265341, 35.952347], [-83.9266678, 35.9523096]]]}"
TREC,"{""rings"": [[[-83.9348912, 35.9489032], [-83.9344175, 35.9492465], [-83.9344402, 35.9492678], [-83.934454, 35.9492854], [-83.934468, 35.9493107], [-83.9344797, 35.9493395], [-83.9344821, 35.9493644], [-83.9344816, 35.9493892], [-83.9344754, 35.9494133], [-83.9344674, 35.9494322], [-83.9344522, 35.9494545], [-83.9344348, 35.9494708], [-83.9344164, 35.9494809], [-83.9343913, 35.9494874], [-83.9343642, 35.9494911], [-83.9343366, 35.9494892], [-83.9342931, 35.9495187], [-83.9343267, 35.9495505], [-83.9342728, 35.9495908], [-83.933765, 35.9491284], [-83.9338267, 35.9490882], [-83.9338574, 35.9491168], [-83.9339112, 35.9490783], [-83.9338538, 35.9490195], [-83.9345173, 35.9485522], [-83.9347124, 35.9487451], [-83.9347456, 35.9487265], [-83.934849, 35.9488164], [-83.9348158, 35.9488391], [-83.9348912, 35.9489032]]]}"
Ferris Hall,"{""rings"": [[[-83.9234225, 35.9569104], [-83.923502, 35.9569816], [-83.9234053, 35.9570552], [-83.923274, 35.9569357], [-83.923344, 35.9567644], [-83.9231911, 35.9567248], [-83.9232398, 35.9566037], [-83.9233919, 35.9566447], [-83.9234541, 35.9564902], [-83.9236113, 35.9564258], [-83.9236682, 35.9565185], [-83.9235628, 35.9565663], [-83.923513, 35.9566884], [-83.9235245, 35.9566912], [-83.9235151, 35.9567122], [-83.923523, 35.9567141], [-83.9234999, 35.95677], [-83.9234916, 35.9567688], [-83.9234831, 35.9567903], [-83.9234723, 35.9567881], [-83.9234225, 35.9569104]]]}"
Hesler Hall,"{""rings"": [[[-83.9267773, 35.956665], [-83.9268479, 35.9567824], [-83.9266942, 35.9568445], [-83.9266139, 35.9567238], [-83.9265827, 35.956716], [-83.9265631, 35.9567112], [-83.9265444, 35.9567066], [-83.9262367, 35.9566239], [-83.9262167, 35.9566185], [-83.9261981, 35.9566139], [-83.926193, 35.9566276], [-83.9260815, 35.9565973], [-83.9260787, 35.9566022], [-83.9260083, 35.9565834], [-83.9260107, 35.9565781], [-83.9258983, 35.9565476], [-83.9259244, 35.9564824], [-83.9259016, 35.9564758], [-83.9258572, 35.9564948], [-83.9258163, 35.9564291], [-83.9258512, 35.9563633], [-83.9258893, 35.9562913], [-83.9260487, 35.9563325], [-83.9260547, 35.9563202], [-83.9261686, 35.9563472], [-83.9262634, 35.956374], [-83.9262466, 35.9564222], [-83.9262745, 35.9564282], [-83.9263044, 35.9563553], [-83.9266032, 35.9564356], [-83.9265546, 35.9565568], [-83.926555, 35.9565636], [-83.9266136, 35.9565791], [-83.9266606, 35.9565582], [-83.9266605, 35.956549], [-83.9266817, 35.9565405], [-83.9266908, 35.956546], [-83.926806, 35.9564957], [-83.9268849, 35.9566216], [-83.9267773, 35.956665]]]}"
Clarence Brown Theatre,"{""rings"": [[[-83.9304156, 35.9533755], [-83.9303428, 35.9533089], [-83.9302825, 35.9533479], [-83.9302535, 35.9533209], [-83.9305535, 35.9531037], [-83.9304239, 35.9529844], [-83.9305432, 35.9529008], [-83.9306836, 35.9530189], [-83.9307622, 35.9529572], [-83.9307914, 35.9529841], [-83.9307238, 35.9530378], [-83.9307376, 35.9530517], [-83.9307732, 35.9530262], [-83.9308124, 35.9530618], [-83.9307677, 35.9530947], [-83.9308474, 35.9531673], [-83.9308919, 35.9531382], [-83.930937, 35.9531789], [-83.9309015, 35.9532022], [-83.9309128, 35.953215], [-83.930987, 35.9531658], [-83.9310144, 35.9531904], [-83.9309292, 35.9532468], [-83.9310274, 35.9533355], [-83.9308875, 35.9534327], [-83.9307986, 35.9533501], [-83.9306307, 35.9534697], [-83.9306723, 35.9535096], [-83.9305983, 35.9535638], [-83.9305538, 35.9535226], [-83.9305049, 35.9535559], [-83.9304752, 35.9535282], [-83.9305357, 35.9534849], [-83.9304606, 35.9534147], [-83.9304083, 35.9534517], [-83.9303658, 35.953411], [-83.9304156, 35.9533755]]]}"
Nursing Building,"{""rings"": [[[-83.927358, 35.9538564], [-83.9274234, 35.9538065], [-83.9274881, 35.9538668], [-83.9274118, 35.9539165], [-83.9273947, 35.953893], [-83.9273705, 35.9539086], [-83.9274438, 35.9539761], [-83.927447, 35.9539863], [-83.9274321, 35.9539989], [-83.9274184, 35.9539957], [-83.9273995, 35.953979], [-83.9273824, 35.9539882], [-83.9273972, 35.9540029], [-83.9271675, 35.9541683], [-83.9271475, 35.9541525], [-83.9271334, 35.9541655], [-83.9271585, 35.9541897], [-83.9271531, 35.9542009], [-83.9271427, 35.9542065], [-83.9271252, 35.9542016], [-83.9270466, 35.9541228], [-83.927088, 35.9540936], [-83.9273202, 35.9539371], [-83.9272429, 35.9538554], [-83.9269687, 35.9540485], [-83.9268808, 35.9539681], [-83.9268667, 35.9539566], [-83.9268566, 35.9539415], [-83.926862, 35.9539336], [-83.9268733, 35.9539281], [-83.9268843, 35.9539288], [-83.9269066, 35.9539501], [-83.9269287, 35.9539346], [-83.926912, 35.9539186], [-83.927139, 35.9537597], [-83.9271563, 35.9537759], [-83.927173, 35.953763], [-83.9271475, 35.953742], [-83.9271482, 35.9537316], [-83.9271573, 35.9537242], [-83.9271708, 35.9537236], [-83.9272797, 35.9538232], [-83.9273021, 35.9538036], [-83.927222, 35.9537308], [-83.9273089, 35.9536735], [-83.9273991, 35.9536753], [-83.9274725, 35.9537453], [-83.9273404, 35.9538367], [-83.927358, 35.9538564]]]}"
Fleet Management,"{""rings"": [[[-83.9356499, 35.94894], [-83.9355347, 35.949032], [-83.9348639, 35.9484817], [-83.934979, 35.9483898], [-83.9356499, 35.94894]]]}"
University of Tennessee Early Learning Center,"{""rings"": [[[-83.9263238, 35.9597872], [-83.9260788, 35.9598786], [-83.9259996, 35.9597429], [-83.9260782, 35.9597157], [-83.9260615, 35.9596897], [-83.9261506, 35.9596533], [-83.9261617, 35.9596687], [-83.9262358, 35.9596385], [-83.9263238, 35.9597872]]]}"
Business Incubator,"{""rings"": [[[-83.9393865, 35.9473374], [-83.9391033, 35.947491], [-83.9390477, 35.9474238], [-83.9390625, 35.9474158], [-83.9390048, 35.9473484], [-83.9389918, 35.9473557], [-83.9389398, 35.9472949], [-83.939219, 35.9471383], [-83.939271, 35.9471991], [-83.9392435, 35.9472145], [-83.9393038, 35.9472849], [-83.9393309, 35.9472702], [-83.9393865, 35.9473374]]]}"
Greenhouse #14,"{""rings"": [[[-83.9388778, 35.9464325], [-83.9384564, 35.9466518], [-83.9384105, 35.9465939], [-83.9388318, 35.9463746], [-83.9388778, 35.9464325]]]}"
Environmental & Landscape Lab,"{""rings"": [[[-83.9376449, 35.9449659], [-83.9373014, 35.9451562], [-83.9371821, 35.945014], [-83.9375275, 35.9448173], [-83.9376449, 35.9449659]]]}"
Lake Avenue Parking Garage,"{""rings"": [[[-83.935322, 35.9541924], [-83.934498, 35.9545646], [-83.9343751, 35.9543862], [-83.934343, 35.9544007], [-83.9343088, 35.9543509], [-83.934342, 35.9543359], [-83.9342204, 35.9541594], [-83.9343616, 35.9540957], [-83.93459, 35.9539926], [-83.9345745, 35.9539701], [-83.9346574, 35.9539327], [-83.934672, 35.9539539], [-83.9350388, 35.9537884], [-83.9351607, 35.9539654], [-83.9351947, 35.9539501], [-83.9352298, 35.9540011], [-83.9351995, 35.9540147], [-83.935322, 35.9541924]]]}"
Allan Jones Intercollegiate Aquatics Center,"{""rings"": [[[-83.936134, 35.9495559], [-83.9357945, 35.9492489], [-83.936604, 35.9486622], [-83.9369435, 35.9489692], [-83.936134, 35.9495559]]]}"
CRC/BEST Laboratory,"{""rings"": [[[-83.9373779, 35.9455216], [-83.9372345, 35.9455994], [-83.9369306, 35.945244], [-83.9369379, 35.9452399], [-83.936928, 35.9452273], [-83.9369166, 35.9452323], [-83.936873, 35.9451805], [-83.9369936, 35.9451144], [-83.9370317, 35.9451617], [-83.9369714, 35.9451952], [-83.9369863, 35.9452145], [-83.9370776, 35.9451625], [-83.9373779, 35.9455216]]]}"
CRC/MAST Laboratory,"{""rings"": [[[-83.9378685, 35.9452292], [-83.9375315, 35.9454211], [-83.9374345, 35.9453095], [-83.9373593, 35.9452225], [-83.9376166, 35.9450806], [-83.9376878, 35.9451712], [-83.9377769, 35.945121], [-83.9378685, 35.9452292]]]}"
Henson Hall,"{""rings"": [[[-83.9309849, 35.9565592], [-83.930837, 35.9566098], [-83.9308407, 35.956617], [-83.9307608, 35.9566444], [-83.9307527, 35.9566288], [-83.9307088, 35.9566438], [-83.930706, 35.9566518], [-83.9306927, 35.956656], [-83.9306835, 35.9566524], [-83.9305968, 35.9566819], [-83.9305994, 35.9566869], [-83.9305738, 35.9566956], [-83.9305712, 35.9566906], [-83.9305298, 35.9567048], [-83.9305334, 35.9567118], [-83.9304525, 35.9567395], [-83.9303898, 35.9566194], [-83.9306551, 35.9565287], [-83.9306427, 35.9565049], [-83.9307639, 35.9564634], [-83.9307841, 35.956502], [-83.9309291, 35.9564524], [-83.9309849, 35.9565592]]]}"
South Greenhouse,"{""rings"": [[[-83.9369234, 35.944283], [-83.9371903, 35.9446006], [-83.9369863, 35.9447174], [-83.9367178, 35.9443948], [-83.9369234, 35.944283]]]}"
Presidential Court Building,"{""rings"": [[[-83.9344011, 35.9526635], [-83.9340382, 35.9529243], [-83.9335808, 35.9525039], [-83.9339487, 35.9522376], [-83.9344011, 35.9526635]]]}"
Temple Hall,"{""rings"": [[[-83.9320772, 35.9525691], [-83.9319716, 35.9526419], [-83.9315887, 35.9522857], [-83.931686, 35.9522098], [-83.9317698, 35.9522795], [-83.9317962, 35.9522586], [-83.9320221, 35.9524665], [-83.9319915, 35.9524869], [-83.9320772, 35.9525691]]]}"
Racheff Research Building,"{""rings"": [[[-83.9394882, 35.9486074], [-83.939313, 35.9486995], [-83.939122, 35.9484613], [-83.9392971, 35.9483692], [-83.9394882, 35.9486074]]]}"
Burchfiel Geography Building,"{""rings"": [[[-83.9277362, 35.9566114], [-83.9273589, 35.9567517], [-83.9272628, 35.9565825], [-83.9276401, 35.9564421], [-83.9277362, 35.9566114]]]}"
Hess Hall,"{""rings"": [[[-83.9306739, 35.9547105], [-83.9305866, 35.9547814], [-83.9305231, 35.9548264], [-83.930464, 35.9547714], [-83.9304704, 35.954761], [-83.9303449, 35.9546457], [-83.9303034, 35.9546104], [-83.9302926, 35.9546158], [-83.9302347, 35.9545621], [-83.9303898, 35.9544484], [-83.9303968, 35.9544521], [-83.9304527, 35.9544089], [-83.9303479, 35.9543085], [-83.9304099, 35.9542625], [-83.930418, 35.9542679], [-83.9306437, 35.9541061], [-83.9308927, 35.9539275], [-83.9308829, 35.9539171], [-83.9309455, 35.9538722], [-83.9313305, 35.9542101], [-83.9315867, 35.9540293], [-83.9315584, 35.9540033], [-83.9316315, 35.953955], [-83.9313428, 35.9536932], [-83.9310842, 35.953869], [-83.931003, 35.9537906], [-83.9312557, 35.9536153], [-83.9312263, 35.9535867], [-83.9313243, 35.9535127], [-83.9314227, 35.9536048], [-83.931781, 35.9539352], [-83.9317936, 35.9539259], [-83.931884, 35.9540084], [-83.9318319, 35.9540491], [-83.9317926, 35.9540154], [-83.9310641, 35.954546], [-83.9310358, 35.9545666], [-83.9309517, 35.9544869], [-83.9311709, 35.9543283], [-83.931146, 35.954303], [-83.9312072, 35.9542595], [-83.9310693, 35.9541262], [-83.9310929, 35.9541079], [-83.9309645, 35.9539907], [-83.9309039, 35.9540306], [-83.9308923, 35.9540212], [-83.9307717, 35.9541061], [-83.9307835, 35.9541175], [-83.9306631, 35.9542023], [-83.9306566, 35.9541946], [-83.930532, 35.9542807], [-83.9305402, 35.9542924], [-83.9304877, 35.954333], [-83.9305548, 35.9544013], [-83.9305723, 35.9543896], [-83.9306048, 35.9544213], [-83.9305924, 35.95443], [-83.9306193, 35.9544487], [-83.9305534, 35.9544957], [-83.9304884, 35.9544363], [-83.93043, 35.9544801], [-83.9304497, 35.9545021], [-83.9303699, 35.9545591], [-83.9304213, 35.9546073], [-83.9304354, 35.9545998], [-83.9304976, 35.9546595], [-83.9304877, 35.9546677], [-83.9305403, 35.954713], [-83.9306186, 35.9546563], [-83.9306429, 35.9546749], [-83.9306985, 35.9546332], [-83.9306659, 35.9546039], [-83.9307522, 35.9545445], [-83.9308354, 35.954483], [-83.9309103, 35.9545597], [-83.9308704, 35.9545864], [-83.9308608, 35.9545768], [-83.9308059, 35.9546188], [-83.930825, 35.9546422], [-83.9308724, 35.9546842], [-83.9308026, 35.9547344], [-83.9307293, 35.9546618], [-83.9306739, 35.9547105]]]}"
Dabney-Buehler Hall,"{""rings"": [[[-83.9246025, 35.9576075], [-83.924765, 35.9578638], [-83.9248041, 35.9578488], [-83.9248352, 35.9579037], [-83.925009, 35.9578317], [-83.9249397, 35.9577308], [-83.9247659, 35.9578023], [-83.9246972, 35.9576928], [-83.9247695, 35.9576631], [-83.9247785, 35.9576773], [-83.924874, 35.957638], [-83.9248015, 35.9575226], [-83.9249144, 35.9574761], [-83.9250827, 35.9577441], [-83.9252837, 35.9580642], [-83.9252533, 35.9580767], [-83.9253114, 35.9581691], [-83.925339, 35.9581577], [-83.9253282, 35.9581406], [-83.9254006, 35.9581213], [-83.9254364, 35.9581679], [-83.9253559, 35.958201], [-83.9253448, 35.9581833], [-83.9253191, 35.9581938], [-83.9253662, 35.9582688], [-83.9254903, 35.9582178], [-83.9256403, 35.9584567], [-83.9255112, 35.9585098], [-83.9255033, 35.9584971], [-83.9254696, 35.958511], [-83.9254863, 35.9585375], [-83.9254519, 35.9585517], [-83.9254353, 35.9585252], [-83.92522, 35.9586138], [-83.9251803, 35.9585505], [-83.9251685, 35.9585316], [-83.9250013, 35.9586004], [-83.9247663, 35.9582262], [-83.9248311, 35.9581996], [-83.9246975, 35.9579869], [-83.9247203, 35.9579775], [-83.9247035, 35.9579507], [-83.9247195, 35.9579441], [-83.9246893, 35.9578961], [-83.9245907, 35.9579367], [-83.9244332, 35.9576745], [-83.9246025, 35.9576075]]]}"
Black Cultural Center,"{""rings"": [[[-83.9323414, 35.9537133], [-83.9322319, 35.9537751], [-83.9321168, 35.9536339], [-83.9319107, 35.9537446], [-83.9318321, 35.9536486], [-83.9321574, 35.9534752], [-83.9323414, 35.9537133]]]}"
Dunford Hall,"{""rings"": [[[-83.9307046, 35.9560149], [-83.9306206, 35.9560442], [-83.9306241, 35.9560508], [-83.9305846, 35.9560645], [-83.9305876, 35.9560702], [-83.9304249, 35.9561269], [-83.9304297, 35.9561358], [-83.9302936, 35.9561832], [-83.9302884, 35.9561733], [-83.930127, 35.9562295], [-83.9301248, 35.9562254], [-83.930083, 35.95624], [-83.9300803, 35.956235], [-83.9300069, 35.9562606], [-83.9299583, 35.9561691], [-83.9299838, 35.9561602], [-83.9298567, 35.9559214], [-83.9299819, 35.9558778], [-83.9300737, 35.9560503], [-83.9304634, 35.9559145], [-83.9304995, 35.9559825], [-83.930658, 35.9559273], [-83.9307046, 35.9560149]]]}"
International House,"{""rings"": [[[-83.9317979, 35.9549129], [-83.9316382, 35.9550044], [-83.9316684, 35.9550389], [-83.9315348, 35.9551155], [-83.9314936, 35.9550684], [-83.9313915, 35.9549517], [-83.9316848, 35.9547836], [-83.9317979, 35.9549129]]]}"
11th Street Parking Garage,"{""rings"": [[[-83.9258089, 35.9600417], [-83.9256489, 35.9601039], [-83.9256512, 35.9601093], [-83.925458, 35.9601855], [-83.9254532, 35.9601786], [-83.9253837, 35.9602081], [-83.9253862, 35.9602137], [-83.9252899, 35.9602502], [-83.9252557, 35.9601931], [-83.9252616, 35.9601893], [-83.9251639, 35.9600191], [-83.9251571, 35.9600203], [-83.9249096, 35.9595883], [-83.9248104, 35.9594169], [-83.9253272, 35.959218], [-83.9254033, 35.9593487], [-83.9254219, 35.9593806], [-83.9255513, 35.9596016], [-83.9255835, 35.9596566], [-83.9258089, 35.9600417]]]}"
Goodfriend Tennis Stadium,"{""rings"": [[[-83.9368298, 35.9514523], [-83.9371543, 35.9517781], [-83.9367705, 35.9520302], [-83.9360775, 35.9513431], [-83.9364292, 35.9510984], [-83.9364382, 35.9511044], [-83.9365593, 35.9510243], [-83.9369163, 35.9513972], [-83.9368298, 35.9514523]]]}"
Howard H. Baker Jr. Center for Public Policy,"{""rings"": [[[-83.9320962, 35.9563224], [-83.9319354, 35.9563802], [-83.9319328, 35.9563754], [-83.9319198, 35.95638], [-83.9319223, 35.9563847], [-83.9318216, 35.9564208], [-83.9318233, 35.9564333], [-83.9318223, 35.9564458], [-83.9318203, 35.9564581], [-83.9318156, 35.9564699], [-83.9318104, 35.956481], [-83.9318017, 35.9564913], [-83.9317918, 35.9565009], [-83.9317793, 35.9565093], [-83.9318248, 35.9565912], [-83.9317943, 35.9566023], [-83.9318028, 35.9566176], [-83.9316726, 35.9566651], [-83.9316643, 35.95665], [-83.9316369, 35.95666], [-83.9316056, 35.9566037], [-83.9315633, 35.9566191], [-83.9315091, 35.9565214], [-83.931553, 35.9565054], [-83.9315448, 35.9564907], [-83.931526, 35.9564975], [-83.9314681, 35.9563931], [-83.9314865, 35.9563864], [-83.9314609, 35.9563402], [-83.9316081, 35.9562867], [-83.9316101, 35.9562904], [-83.9316429, 35.9562785], [-83.9316406, 35.9562744], [-83.9318021, 35.9562161], [-83.9318152, 35.9562399], [-83.9320104, 35.9561695], [-83.9320238, 35.9561937], [-83.9320425, 35.956187], [-83.9320988, 35.9562895], [-83.9320816, 35.9562957], [-83.9320962, 35.9563224]]]}"
Plant Biotechnology Building,"{""rings"": [[[-83.9411925, 35.948297], [-83.9409258, 35.9484413], [-83.9407362, 35.9482132], [-83.9413304, 35.9478893], [-83.9415227, 35.9480784], [-83.9416628, 35.947992], [-83.9418637, 35.9482172], [-83.9413652, 35.948498], [-83.9411925, 35.948297]]]}"
Scottish Rite Temple,"{""rings"": [[[-83.9308164, 35.9587422], [-83.930809, 35.9587449], [-83.9303722, 35.9589046], [-83.9302243, 35.9586385], [-83.9303465, 35.9585933], [-83.9303101, 35.9585286], [-83.9303051, 35.9585197], [-83.9305082, 35.958445], [-83.9305711, 35.9584219], [-83.9306127, 35.9584976], [-83.9306638, 35.9584808], [-83.9306685, 35.9584793], [-83.9306722, 35.9584859], [-83.9307026, 35.95854], [-83.9307821, 35.9586812], [-83.930811, 35.9587325], [-83.9308164, 35.9587422]]]}"
Stokely Management Center,"{""rings"": [[[-83.9288201, 35.9560446], [-83.9288453, 35.9560519], [-83.9290192, 35.9561046], [-83.9290906, 35.9561263], [-83.9292892, 35.9561865], [-83.9293023, 35.9561922], [-83.9293164, 35.9562024], [-83.9293269, 35.9562132], [-83.9293353, 35.9562252], [-83.929341, 35.9562383], [-83.9293441, 35.9562518], [-83.9293442, 35.9562672], [-83.9293394, 35.9562863], [-83.9293292, 35.9563026], [-83.9293153, 35.9563166], [-83.9292996, 35.9563265], [-83.9292829, 35.9563347], [-83.9292633, 35.9563387], [-83.9292455, 35.9563392], [-83.9292239, 35.9563383], [-83.9290065, 35.9562712], [-83.9290034, 35.9562778], [-83.9289995, 35.9562862], [-83.9290297, 35.9562967], [-83.9290422, 35.9563066], [-83.9290479, 35.9563185], [-83.9290497, 35.9563317], [-83.9290499, 35.9563442], [-83.9290461, 35.9563536], [-83.929037, 35.9563643], [-83.9290247, 35.956373], [-83.92901, 35.9563777], [-83.928993, 35.95638], [-83.9289798, 35.9563791], [-83.9289022, 35.9563556], [-83.9288893, 35.9563504], [-83.928881, 35.956344], [-83.9288748, 35.956336], [-83.9288699, 35.9563279], [-83.9288678, 35.9563159], [-83.9288684, 35.9563013], [-83.9288756, 35.9562887], [-83.928884, 35.9562794], [-83.928894, 35.9562726], [-83.9289037, 35.9562691], [-83.9289141, 35.956266], [-83.9289254, 35.9562651], [-83.9289367, 35.9562665], [-83.9289558, 35.9562719], [-83.928963, 35.9562591], [-83.9287529, 35.9561967], [-83.9287338, 35.9561884], [-83.9287197, 35.956179], [-83.9287111, 35.9561688], [-83.9286995, 35.9561515], [-83.9286941, 35.9561379], [-83.9286929, 35.9561213], [-83.9286955, 35.9561053], [-83.9287019, 35.9560904], [-83.9287121, 35.9560766], [-83.9287213, 35.9560672], [-83.9287309, 35.9560584], [-83.9287462, 35.9560505], [-83.9287634, 35.956046], [-83.9287822, 35.9560422], [-83.9288013, 35.9560417], [-83.9288201, 35.9560446]]]}"
Blount Hall,"{""rings"": [[[-83.9296634, 35.9585099], [-83.9296522, 35.958514], [-83.9296571, 35.9585228], [-83.9296447, 35.9585273], [-83.9296491, 35.9585351], [-83.9296022, 35.9585522], [-83.9295984, 35.9585454], [-83.92956, 35.9585594], [-83.9295647, 35.9585678], [-83.9295136, 35.9585866], [-83.9295086, 35.9585778], [-83.9294965, 35.9585824], [-83.929492, 35.9585744], [-83.929482, 35.9585781], [-83.9294635, 35.9585453], [-83.929474, 35.9585414], [-83.929472, 35.9585379], [-83.9293874, 35.9585691], [-83.9293628, 35.9585782], [-83.9293384, 35.9585872], [-83.9292504, 35.9586197], [-83.9292531, 35.9586244], [-83.9292632, 35.9586207], [-83.9292796, 35.9586497], [-83.9292693, 35.9586535], [-83.9292744, 35.9586626], [-83.9292643, 35.9586663], [-83.9292681, 35.9586732], [-83.9292193, 35.9586914], [-83.9292152, 35.9586843], [-83.9291766, 35.9586986], [-83.9291812, 35.9587068], [-83.9291326, 35.9587248], [-83.9291266, 35.9587142], [-83.9291161, 35.9587181], [-83.929111, 35.9587091], [-83.9291012, 35.9587127], [-83.9290828, 35.9586801], [-83.9290912, 35.958677], [-83.9290837, 35.9586638], [-83.9290199, 35.9586874], [-83.9290015, 35.9586549], [-83.9290634, 35.958632], [-83.929058, 35.9586223], [-83.9290491, 35.9586256], [-83.9290399, 35.9586094], [-83.9290274, 35.9585872], [-83.9290386, 35.9585831], [-83.9290342, 35.9585752], [-83.9290462, 35.9585708], [-83.9290414, 35.9585624], [-83.9290916, 35.9585438], [-83.9290971, 35.9585534], [-83.9291382, 35.9585382], [-83.9291343, 35.9585312], [-83.92918, 35.9585143], [-83.9291842, 35.9585218], [-83.9292839, 35.9584849], [-83.9292633, 35.9584483], [-83.9293139, 35.9584296], [-83.9293348, 35.9584666], [-83.9294303, 35.9584313], [-83.9294265, 35.9584246], [-83.9294733, 35.9584073], [-83.9294782, 35.958416], [-83.9295201, 35.9584006], [-83.9295155, 35.9583924], [-83.9295625, 35.9583751], [-83.929567, 35.9583831], [-83.9295777, 35.9583792], [-83.9295823, 35.9583876], [-83.9295926, 35.9583839], [-83.9296119, 35.9584186], [-83.9296029, 35.9584219], [-83.9296345, 35.9584784], [-83.9296439, 35.958475], [-83.9296634, 35.9585099]]]}"
Senter Hall,"{""rings"": [[[-83.9289354, 35.9593549], [-83.9282751, 35.9596122], [-83.9281675, 35.959431], [-83.9284614, 35.9593146], [-83.9284498, 35.9592987], [-83.928121, 35.9594235], [-83.9280811, 35.9593606], [-83.928414, 35.9592311], [-83.9284491, 35.9592864], [-83.9285129, 35.9592594], [-83.9284944, 35.9592271], [-83.9287195, 35.9591328], [-83.9287594, 35.9591983], [-83.928827, 35.9591698], [-83.9289354, 35.9593549]]]}"
Textiles and Non-Wovens Development Center,"{""rings"": [[[-83.9280051, 35.9596932], [-83.9276575, 35.9598266], [-83.9275351, 35.9596177], [-83.9278827, 35.9594843], [-83.9280051, 35.9596932]]]}"
Textiles Processing Laboratory,"{""rings"": [[[-83.9286577, 35.958793], [-83.9285524, 35.9588214], [-83.9286501, 35.9589863], [-83.928748, 35.9589488], [-83.9286577, 35.958793]]]}"
Min H. Kao Electrical Engineering and Computer Science Building,"{""rings"": [[[-83.925, 35.9588076], [-83.924648, 35.958946], [-83.9245968, 35.9588638], [-83.9245492, 35.9588839], [-83.9245411, 35.9588704], [-83.9245214, 35.9588755], [-83.9244922, 35.95883], [-83.9244495, 35.9588451], [-83.9242627, 35.9585347], [-83.9241826, 35.9583993], [-83.9242367, 35.9583778], [-83.9244281, 35.9583021], [-83.9244461, 35.9583322], [-83.9245033, 35.9583144], [-83.9243771, 35.9581006], [-83.9244402, 35.9580718], [-83.9244269, 35.9580494], [-83.9245136, 35.958018], [-83.9246744, 35.9582841], [-83.9244678, 35.9583588], [-83.9245807, 35.9585454], [-83.9247932, 35.958471], [-83.925, 35.9588076]]]}"
Thompson-Boling Arena,"{""rings"": [[[-83.926335, 35.9508555], [-83.9262495, 35.9509789], [-83.9261441, 35.9509367], [-83.9258956, 35.951004], [-83.925752, 35.9510429], [-83.9257664, 35.9510865], [-83.9253703, 35.9517116], [-83.9253492, 35.9517179], [-83.9249118, 35.9518337], [-83.9244232, 35.9516366], [-83.9242578, 35.9512647], [-83.9246769, 35.9506248], [-83.924712, 35.9506135], [-83.9247046, 35.9505893], [-83.9247745, 35.9504783], [-83.9251486, 35.9503788], [-83.9256872, 35.9505927], [-83.9260625, 35.950745], [-83.92612, 35.9507683], [-83.926335, 35.9508555]]]}"
Natalie L. Haslam Music Center,"{""rings"": [[[-83.9308898, 35.9515641], [-83.9307277, 35.951715], [-83.930574, 35.9518224], [-83.9301761, 35.9521052], [-83.9301917, 35.952121], [-83.9301471, 35.9521491], [-83.9301805, 35.9521827], [-83.9302372, 35.9521435], [-83.9302487, 35.9521576], [-83.9302134, 35.952182], [-83.9303065, 35.9522756], [-83.9303234, 35.9522646], [-83.9303761, 35.9523191], [-83.9303485, 35.9523376], [-83.9304286, 35.9524148], [-83.9309108, 35.952075], [-83.9309942, 35.9520162], [-83.9310144, 35.9520425], [-83.9312159, 35.9518852], [-83.9312001, 35.9518725], [-83.9312338, 35.9518504], [-83.9311982, 35.9518128], [-83.931257, 35.9517672], [-83.9312335, 35.9517426], [-83.9312706, 35.9517148], [-83.9310745, 35.9515363], [-83.930944, 35.9516327], [-83.9309331, 35.9516235], [-83.9309483, 35.9516059], [-83.9308898, 35.9515641]]]}"
Fred D. Brown Hall,"{""rings"": [[[-83.9331811, 35.9525007], [-83.9331473, 35.9524784], [-83.9331716, 35.9524613], [-83.9331054, 35.9523979], [-83.9330818, 35.9524149], [-83.9330552, 35.9523886], [-83.9328571, 35.9525295], [-83.9327489, 35.9526081], [-83.9327665, 35.9526263], [-83.9325278, 35.9527842], [-83.9325108, 35.9527644], [-83.9325447, 35.952741], [-83.9324627, 35.9526725], [-83.9323527, 35.9527535], [-83.932342, 35.9527459], [-83.9318897, 35.953084], [-83.9319824, 35.9531672], [-83.9319149, 35.9532156], [-83.9318952, 35.9531978], [-83.9315918, 35.9534208], [-83.9316238, 35.953448], [-83.9315996, 35.9534649], [-83.9316675, 35.9535271], [-83.9316913, 35.9535108], [-83.9317212, 35.9535357], [-83.9320255, 35.9533147], [-83.9320154, 35.9533055], [-83.9320447, 35.9532888], [-83.9320655, 35.9533083], [-83.932268, 35.9531675], [-83.9323676, 35.9530931], [-83.932396, 35.9531208], [-83.9324287, 35.9530973], [-83.9324785, 35.9531386], [-83.932551, 35.9530887], [-83.9325046, 35.9530407], [-83.9325379, 35.9530165], [-83.9325203, 35.9529983], [-83.9328586, 35.9527561], [-83.9328311, 35.9527356], [-83.9328599, 35.9527135], [-83.9328751, 35.952726], [-83.9331811, 35.9525007]]]}"
Student Health Center,"{""rings"": [[[-83.9306864, 35.9500145], [-83.9304635, 35.95017], [-83.9305087, 35.9502147], [-83.9303522, 35.9503175], [-83.9303179, 35.9502844], [-83.9302806, 35.9503053], [-83.9303228, 35.9503454], [-83.9302207, 35.9504156], [-83.9303638, 35.9505453], [-83.9303332, 35.9505641], [-83.9304768, 35.9507011], [-83.9305099, 35.9506804], [-83.9305591, 35.9507226], [-83.9306781, 35.9506312], [-83.9307201, 35.950669], [-83.9307952, 35.9506474], [-83.9308731, 35.9506099], [-83.9309351, 35.950661], [-83.931019, 35.9506086], [-83.9310749, 35.9505503], [-83.9310717, 35.9505419], [-83.9311497, 35.9504876], [-83.9312415, 35.950428], [-83.9311653, 35.9503534], [-83.9311533, 35.9503625], [-83.9311103, 35.9503258], [-83.9311287, 35.9503138], [-83.9310975, 35.950282], [-83.9310316, 35.9503322], [-83.9306864, 35.9500145]]]}"
Hearing and Speech Center,"{""rings"": [[[-83.9261184, 35.9539668], [-83.926073, 35.953924], [-83.9261553, 35.953867], [-83.926294, 35.9539893], [-83.9262077, 35.9540466], [-83.9261901, 35.9540306], [-83.9260621, 35.9541146], [-83.9260879, 35.9541364], [-83.9260013, 35.9541938], [-83.9258626, 35.9540691], [-83.9259397, 35.9540192], [-83.9259813, 35.9540547], [-83.9261184, 35.9539668]]]}"
Volunteer Hall Apartments,"{""rings"": [[[-83.9306947, 35.9588159], [-83.9308242, 35.9590448], [-83.9307944, 35.9590559], [-83.9308121, 35.9590871], [-83.9304817, 35.95921], [-83.9303703, 35.9592514], [-83.9302352, 35.9593016], [-83.9301851, 35.9593203], [-83.9301146, 35.9593464], [-83.9300916, 35.959355], [-83.9300534, 35.9593692], [-83.9300509, 35.9593753], [-83.9300295, 35.9593835], [-83.9300216, 35.9593808], [-83.9299812, 35.9593946], [-83.9299625, 35.9594016], [-83.9299479, 35.9594071], [-83.9299315, 35.9594131], [-83.9298897, 35.9594269], [-83.9298869, 35.9594351], [-83.9298661, 35.9594427], [-83.9298525, 35.9594401], [-83.9297262, 35.9594886], [-83.9297215, 35.9594977], [-83.9297, 35.9595062], [-83.9296871, 35.9595036], [-83.9296527, 35.959516], [-83.9296551, 35.9595205], [-83.9296456, 35.9595239], [-83.9296324, 35.9595287], [-83.9296168, 35.9595343], [-83.929603, 35.9595393], [-83.9295943, 35.9595424], [-83.9295865, 35.9595284], [-83.9295372, 35.959546], [-83.9295354, 35.9595427], [-83.9295245, 35.9595469], [-83.9294891, 35.9595599], [-83.929475, 35.9595652], [-83.9293327, 35.9593085], [-83.9294988, 35.9592485], [-83.9295133, 35.9592749], [-83.929545, 35.9592635], [-83.9295884, 35.9593424], [-83.9296624, 35.9593158], [-83.9296779, 35.9593441], [-83.9297412, 35.9593213], [-83.929725, 35.9592918], [-83.9298353, 35.9592521], [-83.9298513, 35.9592811], [-83.9299087, 35.9592604], [-83.9298923, 35.9592306], [-83.9300032, 35.9591907], [-83.9300128, 35.9592081], [-83.9300417, 35.9591977], [-83.9300307, 35.9591777], [-83.9300584, 35.9591678], [-83.9300223, 35.9591019], [-83.9300589, 35.9590888], [-83.9300322, 35.9590402], [-83.9299959, 35.9590532], [-83.9299793, 35.9590229], [-83.9299657, 35.9590191], [-83.9299581, 35.9590042], [-83.9299623, 35.9589934], [-83.9299453, 35.9589632], [-83.9299835, 35.9589491], [-83.9299547, 35.9588981], [-83.9299192, 35.9589112], [-83.9298837, 35.9588481], [-83.9298216, 35.958871], [-83.9298349, 35.9588946], [-83.9296934, 35.9589468], [-83.9297204, 35.9589947], [-83.9296309, 35.9590277], [-83.9296259, 35.9590187], [-83.9295675, 35.9590401], [-83.9295731, 35.9590502], [-83.9294306, 35.9591024], [-83.9293882, 35.9590266], [-83.9293787, 35.9590301], [-83.9293543, 35.959039], [-83.9293166, 35.9589715], [-83.929337, 35.9589641], [-83.9292981, 35.9588945], [-83.9298794, 35.9586819], [-83.9299572, 35.9586534], [-83.9299731, 35.9586818], [-83.9300048, 35.9586702], [-83.930007, 35.9586741], [-83.9300331, 35.9587208], [-83.9300121, 35.9587285], [-83.9300299, 35.9587603], [-83.9300663, 35.9587469], [-83.9301177, 35.9588387], [-83.9300795, 35.9588527], [-83.9301073, 35.9589023], [-83.9301436, 35.958889], [-83.9301941, 35.9589791], [-83.9301562, 35.958993], [-83.9301849, 35.9590442], [-83.9302199, 35.9590313], [-83.930257, 35.9590973], [-83.9303265, 35.9590718], [-83.9303424, 35.9591001], [-83.9304061, 35.9590766], [-83.9303892, 35.9590466], [-83.930501, 35.9590054], [-83.9305174, 35.9590346], [-83.9305534, 35.9590213], [-83.9304908, 35.9589103], [-83.9305275, 35.9588967], [-83.9305187, 35.9588812], [-83.9306947, 35.9588159]]]}"
J.D. Tickle Engineering Building,"{""rings"": [[[-83.9229607, 35.9555571], [-83.9229446, 35.9555527], [-83.922924, 35.9555937], [-83.9229576, 35.9556048], [-83.922803, 35.9559209], [-83.9227972, 35.9559192], [-83.9227804, 35.9559371], [-83.9227997, 35.95595], [-83.9227813, 35.9559652], [-83.9227596, 35.9559503], [-83.9227096, 35.9559989], [-83.9227331, 35.9560137], [-83.9226602, 35.9560849], [-83.9226113, 35.9560526], [-83.9226809, 35.955986], [-83.9226633, 35.9559739], [-83.9226455, 35.9559617], [-83.922641, 35.9559665], [-83.9226325, 35.9559603], [-83.9226131, 35.9559798], [-83.9225395, 35.9559298], [-83.9225006, 35.9559186], [-83.9225071, 35.9559066], [-83.9224876, 35.9558943], [-83.9225327, 35.9558509], [-83.9225371, 35.9558414], [-83.9224061, 35.9557985], [-83.9226001, 35.9553929], [-83.9227534, 35.9554431], [-83.9227507, 35.9554496], [-83.9228061, 35.9554666], [-83.9227977, 35.955485], [-83.9229128, 35.9555209], [-83.9229448, 35.9554507], [-83.9230031, 35.955469], [-83.9229607, 35.9555571]]]}"
Sophronia Strong Hall,"{""rings"": [[[-83.9318883, 35.9577537], [-83.9319131, 35.9577446], [-83.9315707, 35.9571217], [-83.9312545, 35.9572784], [-83.9312383, 35.9572486], [-83.93116, 35.957278], [-83.9311946, 35.9573395], [-83.9310843, 35.9573827], [-83.9311127, 35.9574382], [-83.9311374, 35.9574282], [-83.9311661, 35.9574751], [-83.931151, 35.9574828], [-83.9311325, 35.9574691], [-83.9311136, 35.957459], [-83.9310896, 35.9574504], [-83.9310624, 35.9574464], [-83.9310313, 35.9574441], [-83.9310019, 35.9574471], [-83.9309632, 35.9574541], [-83.9309297, 35.9574662], [-83.9309008, 35.957481], [-83.9308783, 35.9574997], [-83.930857, 35.9575232], [-83.9308442, 35.9575451], [-83.9308372, 35.9575746], [-83.9308367, 35.9576026], [-83.9308456, 35.9576298], [-83.9308592, 35.9576496], [-83.9308745, 35.9576646], [-83.9308952, 35.9576789], [-83.9309199, 35.9576881], [-83.9309489, 35.9576958], [-83.930983, 35.9576989], [-83.9310226, 35.9576968], [-83.9310329, 35.9577164], [-83.9312772, 35.9576287], [-83.9313057, 35.9576797], [-83.9312352, 35.9577027], [-83.93129, 35.9577982], [-83.9313222, 35.9577824], [-83.9313348, 35.9578024], [-83.931426, 35.9577657], [-83.9314782, 35.9578609], [-83.9315441, 35.9578386], [-83.9315635, 35.9578652], [-83.9318883, 35.9577537]]]}"
Volunteer Blvd Parking Garage (G16),"{""rings"": [[[-83.9303337, 35.9510636], [-83.9299505, 35.9507132], [-83.9291022, 35.9513212], [-83.9291633, 35.9513771], [-83.9294853, 35.9516715], [-83.9296007, 35.9515888], [-83.9296251, 35.9515713], [-83.9301694, 35.9511813], [-83.9301914, 35.9511655], [-83.9303337, 35.9510636]]]}"
Stokely Hall,"{""rings"": [[[-83.9288257, 35.9521863], [-83.9287956, 35.9521592], [-83.9287512, 35.9521915], [-83.9286608, 35.9521102], [-83.9286791, 35.9520969], [-83.9286241, 35.9520475], [-83.928779, 35.9519345], [-83.9286922, 35.9518565], [-83.9287347, 35.9518255], [-83.9285264, 35.9516385], [-83.9285576, 35.9516158], [-83.9285249, 35.9515865], [-83.928337, 35.9517237], [-83.9283017, 35.9516921], [-83.9282675, 35.9517171], [-83.9281963, 35.9516533], [-83.9282334, 35.9516262], [-83.9282055, 35.9516011], [-83.9286799, 35.9512548], [-83.9287131, 35.9512845], [-83.9287637, 35.9512476], [-83.9288376, 35.951314], [-83.9288255, 35.9513299], [-83.9291771, 35.9516468], [-83.9292531, 35.9515916], [-83.9294274, 35.9517488], [-83.9288257, 35.9521863]]]}"
Geier Hall,"{""rings"": [[[-83.9360585, 35.951765], [-83.9361497, 35.9518483], [-83.9361379, 35.9518574], [-83.9363409, 35.9520246], [-83.9363589, 35.952009], [-83.9364501, 35.9520892], [-83.9364281, 35.9521032], [-83.9364811, 35.9521479], [-83.9363641, 35.9522411], [-83.9363103, 35.9521897], [-83.9362569, 35.952231], [-83.9362821, 35.9522509], [-83.9361803, 35.9523276], [-83.9361603, 35.9523122], [-83.9360786, 35.9523734], [-83.9361062, 35.9523996], [-83.9360464, 35.9524435], [-83.9359887, 35.9524874], [-83.9359589, 35.9524669], [-83.9359397, 35.95248], [-83.9358501, 35.9524052], [-83.935871, 35.9523896], [-83.9356698, 35.9522202], [-83.9356531, 35.9522293], [-83.9355658, 35.95215], [-83.9357089, 35.9520384], [-83.9357975, 35.9521162], [-83.9357854, 35.95213], [-83.9359638, 35.9522746], [-83.936018, 35.9522353], [-83.9360099, 35.9522308], [-83.9360382, 35.9522076], [-83.9360279, 35.9521971], [-83.9360497, 35.9521837], [-83.9360488, 35.9521734], [-83.9360631, 35.9521624], [-83.9360738, 35.9521607], [-83.9360973, 35.9521437], [-83.9361044, 35.9521504], [-83.9361876, 35.9520911], [-83.9360168, 35.9519451], [-83.9360074, 35.9519525], [-83.9359157, 35.9518721], [-83.9360585, 35.951765]]]}"
Robinson Hall,"{""rings"": [[[-83.9359495, 35.9516912], [-83.9358337, 35.9517836], [-83.9358024, 35.9517607], [-83.9357156, 35.951823], [-83.9357391, 35.9518431], [-83.9356743, 35.9518941], [-83.9356517, 35.9518762], [-83.9355675, 35.9519412], [-83.9355981, 35.9519679], [-83.9354771, 35.9520572], [-83.9354264, 35.9520093], [-83.9353997, 35.9520274], [-83.9353155, 35.9519506], [-83.9353349, 35.9519336], [-83.9351914, 35.9518111], [-83.9352109, 35.9517925], [-83.9351837, 35.951767], [-83.9352787, 35.951694], [-83.9354572, 35.9518371], [-83.93554, 35.9517787], [-83.9355249, 35.9517642], [-83.9355852, 35.9517204], [-83.9356014, 35.9517317], [-83.9356875, 35.9516692], [-83.9355128, 35.9515121], [-83.9356055, 35.9514385], [-83.9356399, 35.9514639], [-83.9356641, 35.9514448], [-83.9359495, 35.9516912]]]}"
Student Union,"{""rings"": [[[-83.9278373, 35.9559507], [-83.9278643, 35.9559933], [-83.9278518, 35.9559984], [-83.9278741, 35.9560358], [-83.9281839, 35.9565565], [-83.9282883, 35.9565153], [-83.9283131, 35.9565622], [-83.9283369, 35.9566072], [-83.9283614, 35.9566512], [-83.928368, 35.956663], [-83.9283729, 35.9566718], [-83.9284377, 35.9567881], [-83.9283595, 35.956816], [-83.9283625, 35.9568196], [-83.92838, 35.9568503], [-83.9283998, 35.9568864], [-83.9284171, 35.956917], [-83.9284251, 35.9569141], [-83.9284384, 35.9569376], [-83.9284619, 35.9569791], [-83.9285799, 35.9571886], [-83.9285948, 35.9571824], [-83.9286109, 35.9572118], [-83.9286144, 35.9572181], [-83.9286387, 35.9572099], [-83.9286458, 35.9572218], [-83.9286404, 35.9572241], [-83.9286411, 35.9572367], [-83.9286442, 35.9572496], [-83.9286546, 35.9572597], [-83.9286668, 35.9572682], [-83.9286721, 35.9572662], [-83.9286801, 35.9572798], [-83.9286535, 35.9572887], [-83.9286734, 35.9573248], [-83.9286579, 35.9573304], [-83.9287591, 35.9575087], [-83.9287649, 35.9575067], [-83.9287724, 35.9575215], [-83.9288074, 35.9575091], [-83.9288103, 35.9575133], [-83.9288759, 35.9574894], [-83.9288733, 35.9574846], [-83.9289085, 35.9574706], [-83.9289009, 35.9574565], [-83.9289064, 35.957454], [-83.9288803, 35.9574081], [-83.928906, 35.9573986], [-83.9289084, 35.9574035], [-83.9289246, 35.9574027], [-83.9289407, 35.9574001], [-83.9289539, 35.9573927], [-83.9289643, 35.9573844], [-83.9289607, 35.9573783], [-83.9289887, 35.9573681], [-83.9289409, 35.9572852], [-83.9289004, 35.9572148], [-83.9289078, 35.9572116], [-83.9289056, 35.9572074], [-83.9289862, 35.9571779], [-83.9292945, 35.9570647], [-83.9293811, 35.9570329], [-83.9294232, 35.9571061], [-83.9294714, 35.9571897], [-83.9295336, 35.9571659], [-83.9295698, 35.9571521], [-83.9295771, 35.9571637], [-83.9296843, 35.9571236], [-83.9296776, 35.9571134], [-83.9297761, 35.9570776], [-83.9297089, 35.9569588], [-83.9297261, 35.956953], [-83.9297118, 35.9569277], [-83.9296972, 35.956902], [-83.9296737, 35.9569113], [-83.9296664, 35.956899], [-83.929672, 35.9568962], [-83.9296721, 35.9568894], [-83.9296714, 35.9568822], [-83.9296695, 35.9568755], [-83.9296676, 35.9568701], [-83.9296656, 35.956866], [-83.929662, 35.9568626], [-83.9296568, 35.9568585], [-83.9296507, 35.9568546], [-83.9296453, 35.9568519], [-83.9296401, 35.9568539], [-83.9296328, 35.9568413], [-83.9296571, 35.9568322], [-83.9296436, 35.956808], [-83.9294349, 35.956435], [-83.9291298, 35.9565475], [-83.9291418, 35.9565682], [-83.9289231, 35.9566483], [-83.9289171, 35.9566378], [-83.9286427, 35.9567382], [-83.9286442, 35.956741], [-83.9286385, 35.9567433], [-83.9286248, 35.9567197], [-83.9285982, 35.9567297], [-83.9285959, 35.9567252], [-83.9285794, 35.9567246], [-83.9285622, 35.9567275], [-83.9285498, 35.9567346], [-83.9285393, 35.9567435], [-83.9285434, 35.9567503], [-83.9285036, 35.9567653], [-83.9284717, 35.9567041], [-83.9283476, 35.9564902], [-83.9283595, 35.9564865], [-83.9283181, 35.9564077], [-83.9283302, 35.9564032], [-83.9280602, 35.9559162], [-83.9280406, 35.9559247], [-83.9280241, 35.9558913], [-83.9279523, 35.9559204], [-83.9279502, 35.9559098], [-83.9278563, 35.9559438], [-83.9278373, 35.9559507]]]}"
St. John XXIII Catholic Center,"{""rings"": [[[-83.9327274, 35.9541235], [-83.9326917, 35.9540743], [-83.932677, 35.9540801], [-83.9325825, 35.9539617], [-83.9325947, 35.9539565], [-83.9325579, 35.9539106], [-83.9324555, 35.9539662], [-83.9324471, 35.9539558], [-83.9323944, 35.9539844], [-83.9324047, 35.9540002], [-83.9323613, 35.9540196], [-83.9323256, 35.953978], [-83.9322268, 35.9540334], [-83.9322884, 35.9541101], [-83.9322961, 35.954106], [-83.9323105, 35.954125], [-83.9323265, 35.954144], [-83.9322255, 35.9542005], [-83.9322175, 35.9541886], [-83.9321865, 35.9542065], [-83.9322626, 35.9542982], [-83.9324772, 35.9541817], [-83.9324324, 35.9541291], [-83.9324081, 35.9541417], [-83.9323905, 35.9541142], [-83.9324679, 35.9540756], [-83.9325361, 35.9541563], [-83.9325223, 35.9541633], [-83.9325599, 35.9542089], [-83.9327274, 35.9541235]]]}"
Joan Cronan Volleyball Practice Facility,"{""rings"": [[[-83.9316971, 35.9465324], [-83.9315528, 35.9459606], [-83.9311859, 35.9460231], [-83.9313262, 35.9465933], [-83.9316215, 35.9465448], [-83.9316971, 35.9465324]]]}"
Dyon Construction,"{""rings"": [[[-83.9272356, 35.9587372], [-83.9271262, 35.9587771], [-83.9271182, 35.9587627], [-83.9269891, 35.9588099], [-83.9269981, 35.958826], [-83.9267459, 35.958918], [-83.9270786, 35.9595156], [-83.9276422, 35.95931], [-83.9275696, 35.9591796], [-83.927638, 35.9591546], [-83.9276094, 35.9591033], [-83.9275423, 35.9591277], [-83.9274125, 35.9588947], [-83.9273531, 35.9589164], [-83.9273039, 35.9588279], [-83.9272891, 35.9588333], [-83.9272356, 35.9587372]]]}"
Alpha Kappa Alpha,"{""rings"": [[[-83.9453629, 35.9505471], [-83.9453336, 35.9505539], [-83.9452161, 35.9505811], [-83.9452085, 35.9505596], [-83.9451378, 35.950576], [-83.9451257, 35.9505416], [-83.9451001, 35.9505475], [-83.9450798, 35.9504903], [-83.9451844, 35.9504661], [-83.9451915, 35.9504863], [-83.9453058, 35.9504598], [-83.9453496, 35.9504497], [-83.9453755, 35.9505229], [-83.945356, 35.9505275], [-83.9453629, 35.9505471]]]}"
Alpha Chi Omega,"{""rings"": [[[-83.9452506, 35.9502974], [-83.9450594, 35.9503105], [-83.9450346, 35.950073], [-83.9451756, 35.9500634], [-83.9451798, 35.9501039], [-83.9453317, 35.9500935], [-83.945343, 35.9502023], [-83.9453118, 35.9502044], [-83.945313, 35.9502163], [-83.9453042, 35.9502169], [-83.9453046, 35.9502257], [-83.9453023, 35.9502335], [-83.9452983, 35.9502409], [-83.9452927, 35.9502476], [-83.9452862, 35.9502535], [-83.9452777, 35.9502579], [-83.945269, 35.9502615], [-83.9452588, 35.9502626], [-83.9452595, 35.9502693], [-83.9452477, 35.9502701], [-83.9452506, 35.9502974]]]}"
Delta Gamma,"{""rings"": [[[-83.9451426, 35.9499687], [-83.945065, 35.949925], [-83.94511, 35.9498726], [-83.9450954, 35.9498644], [-83.9451232, 35.9498321], [-83.9451372, 35.94984], [-83.9451627, 35.9498102], [-83.9452476, 35.9498578], [-83.9452432, 35.949863], [-83.945277, 35.9498819], [-83.9453379, 35.9498105], [-83.9453837, 35.9498361], [-83.9453985, 35.9498187], [-83.9454613, 35.9498538], [-83.9454534, 35.949863], [-83.945514, 35.9498968], [-83.9454912, 35.9499236], [-83.9454633, 35.9499081], [-83.9454604, 35.9499115], [-83.9454645, 35.9499138], [-83.9454491, 35.9499318], [-83.9454462, 35.9499302], [-83.9454405, 35.949937], [-83.9454744, 35.9499559], [-83.9454542, 35.9499796], [-83.9454443, 35.9499741], [-83.9454146, 35.9500088], [-83.9453872, 35.9499934], [-83.9453559, 35.9500299], [-83.9453415, 35.9500218], [-83.9453353, 35.950029], [-83.9452732, 35.949994], [-83.9452687, 35.9499992], [-83.9451661, 35.9499414], [-83.9451426, 35.9499687]]]}"
Chi Omega,"{""rings"": [[[-83.9449722, 35.9503246], [-83.9449392, 35.9503323], [-83.9449409, 35.950337], [-83.9449052, 35.9503454], [-83.9449037, 35.950341], [-83.9448274, 35.950359], [-83.9448229, 35.9503464], [-83.944769, 35.9503751], [-83.9445644, 35.9501237], [-83.9446986, 35.9500522], [-83.9448278, 35.950211], [-83.9449206, 35.9501912], [-83.9449722, 35.9503246]]]}"
Delta Delta Delta,"{""rings"": [[[-83.9445692, 35.9505551], [-83.944291, 35.9503491], [-83.9444747, 35.9501816], [-83.9445367, 35.950228], [-83.9445008, 35.9502606], [-83.9445394, 35.9502899], [-83.9445062, 35.9503211], [-83.9446018, 35.9503895], [-83.944639, 35.9503586], [-83.944695, 35.9504025], [-83.9446645, 35.9504294], [-83.9446916, 35.9504492], [-83.9445692, 35.9505551]]]}"
Theta Mu,"{""rings"": [[[-83.9443259, 35.9507539], [-83.9442478, 35.9506963], [-83.9442558, 35.9506887], [-83.9441549, 35.9506127], [-83.9441465, 35.9506209], [-83.944068, 35.9505658], [-83.9441338, 35.9505025], [-83.9441177, 35.9504925], [-83.9441623, 35.9504496], [-83.9441797, 35.950461], [-83.9442444, 35.9504029], [-83.9443255, 35.9504594], [-83.9442518, 35.9505278], [-83.9443517, 35.9506032], [-83.9444275, 35.9505359], [-83.9445052, 35.9505932], [-83.9444409, 35.9506524], [-83.9444586, 35.9506648], [-83.9444114, 35.9507069], [-83.9443919, 35.9506947], [-83.9443259, 35.9507539]]]}"
Zau Tau Alpha,"{""rings"": [[[-83.9442307, 35.950942], [-83.9441988, 35.9509338], [-83.9441918, 35.9509517], [-83.9439196, 35.9508817], [-83.9439263, 35.9508646], [-83.9438712, 35.9508504], [-83.9439568, 35.9506323], [-83.9441036, 35.95067], [-83.9440879, 35.9507099], [-83.9441969, 35.9507379], [-83.9441868, 35.9507637], [-83.9442579, 35.950782], [-83.9442513, 35.9507988], [-83.9442837, 35.9508071], [-83.9442307, 35.950942]]]}"
Alpha Omicron Pi,"{""rings"": [[[-83.9439955, 35.9516381], [-83.9439774, 35.9515356], [-83.9440226, 35.9515304], [-83.9439991, 35.951397], [-83.9441354, 35.9513812], [-83.944139, 35.951402], [-83.9441731, 35.951398], [-83.9441693, 35.9513768], [-83.9442728, 35.9513649], [-83.9442798, 35.9514046], [-83.9442904, 35.9514034], [-83.944298, 35.9514465], [-83.9443098, 35.9514451], [-83.9443182, 35.9514927], [-83.944331, 35.9514913], [-83.9443474, 35.9515847], [-83.9443241, 35.9515874], [-83.9443259, 35.9515978], [-83.9441253, 35.9516209], [-83.9441267, 35.951629], [-83.9440462, 35.9516383], [-83.9440451, 35.9516324], [-83.9439955, 35.9516381]]]}"
Kappa Delta,"{""rings"": [[[-83.9445923, 35.9512428], [-83.9445179, 35.9512801], [-83.9445052, 35.9512635], [-83.9444452, 35.9512936], [-83.944457, 35.9513091], [-83.9443748, 35.9513502], [-83.9443991, 35.951382], [-83.9443855, 35.9513888], [-83.9444719, 35.9515019], [-83.944487, 35.9514943], [-83.9445129, 35.9515282], [-83.9445203, 35.9515245], [-83.944525, 35.9515307], [-83.9447266, 35.9514299], [-83.9447212, 35.9514229], [-83.9447277, 35.9514196], [-83.9447024, 35.9513864], [-83.9447171, 35.9513791], [-83.9446315, 35.9512671], [-83.9446166, 35.9512746], [-83.9445923, 35.9512428]]]}"
Alpha Delta Pi,"{""rings"": [[[-83.9452376, 35.9511109], [-83.9451919, 35.9511522], [-83.9451849, 35.9511471], [-83.9451493, 35.9511793], [-83.9451278, 35.9511637], [-83.9451221, 35.9511688], [-83.9448671, 35.9509838], [-83.9449143, 35.9509411], [-83.9448981, 35.9509294], [-83.944986, 35.95085], [-83.9450012, 35.9508611], [-83.9450471, 35.9508196], [-83.945159, 35.9509008], [-83.9451297, 35.9509273], [-83.9452935, 35.9510461], [-83.9452288, 35.9511045], [-83.9452376, 35.9511109]]]}"
Pi Beta Phi Sorority,"{""rings"": [[[-83.9452106, 35.9508136], [-83.9453537, 35.9509745], [-83.9453827, 35.9509576], [-83.9453863, 35.9509616], [-83.9455499, 35.9508664], [-83.9455312, 35.9508453], [-83.9455852, 35.9508138], [-83.945472, 35.9506863], [-83.9454154, 35.9507192], [-83.9453957, 35.950697], [-83.9452342, 35.9507911], [-83.9452393, 35.9507969], [-83.9452106, 35.9508136]]]}"
Kappa Kappa Gamma House,"{""rings"": [[[-83.9458314, 35.9510143], [-83.9457419, 35.9511281], [-83.9457133, 35.9511645], [-83.9456722, 35.9512168], [-83.9456014, 35.9511803], [-83.9456102, 35.9511691], [-83.9454653, 35.9510945], [-83.9455123, 35.9510346], [-83.9455705, 35.9510646], [-83.9456011, 35.9510257], [-83.945572, 35.9510107], [-83.9456451, 35.9509176], [-83.9456834, 35.9509373], [-83.9456736, 35.9509498], [-83.9457568, 35.9509927], [-83.9457662, 35.9509807], [-83.9457706, 35.9509829], [-83.9458314, 35.9510143]]]}"
Delta Zeta House,"{""rings"": [[[-83.9462201, 35.9511616], [-83.9459798, 35.9512085], [-83.9459784, 35.9512044], [-83.9459602, 35.9511495], [-83.9459498, 35.9511502], [-83.9459497, 35.9511474], [-83.9459302, 35.9511479], [-83.9459277, 35.9510521], [-83.9459265, 35.951007], [-83.9459336, 35.9510068], [-83.9459456, 35.9510064], [-83.945944, 35.9509502], [-83.9459527, 35.95095], [-83.9459511, 35.9509258], [-83.9460064, 35.950925], [-83.9460988, 35.9509238], [-83.94615, 35.9509231], [-83.94615, 35.9509328], [-83.94615, 35.9509466], [-83.9461581, 35.9509465], [-83.9461736, 35.9510004], [-83.9461934, 35.9509982], [-83.9462223, 35.9511016], [-83.9462039, 35.9511055], [-83.9462201, 35.9511616]]]}"
Fieldhouse Social,"{""rings"": [[[-83.9403402, 35.9516956], [-83.9401861, 35.9517504], [-83.9403511, 35.952054], [-83.9405109, 35.9519971], [-83.9405177, 35.9520097], [-83.9405474, 35.9519991], [-83.9405054, 35.9519219], [-83.94047, 35.9519345], [-83.9403402, 35.9516956]]]}"
Dogwood Hall,"{""rings"": [[[-83.9363691, 35.9509399], [-83.9362332, 35.9508244], [-83.9363359, 35.9507453], [-83.9363507, 35.9507579], [-83.9363952, 35.9507237], [-83.9363804, 35.9507111], [-83.9364877, 35.9506285], [-83.9365319, 35.9506661], [-83.9365708, 35.9506362], [-83.9367657, 35.9508021], [-83.9368759, 35.9507173], [-83.9368577, 35.9507019], [-83.9369306, 35.9506458], [-83.9369391, 35.950653], [-83.9369669, 35.9506317], [-83.9369751, 35.9506357], [-83.9370237, 35.9505984], [-83.9367755, 35.9503864], [-83.9369042, 35.9502876], [-83.936929, 35.9503089], [-83.9369478, 35.9502944], [-83.9371721, 35.9504857], [-83.9371769, 35.950482], [-83.9372679, 35.9505591], [-83.9372431, 35.9505783], [-83.9372946, 35.9506218], [-83.9371227, 35.9507552], [-83.9371292, 35.9507607], [-83.9370964, 35.9507863], [-83.9371034, 35.9507922], [-83.9370304, 35.9508493], [-83.9370132, 35.9508349], [-83.9369047, 35.9509199], [-83.9369088, 35.9509219], [-83.9368123, 35.9509967], [-83.9367889, 35.950977], [-83.9367383, 35.9510161], [-83.9364675, 35.9507869], [-83.9364225, 35.9508217], [-83.9364702, 35.9508621], [-83.9364438, 35.9508826], [-83.936448, 35.9508861], [-83.9363975, 35.9509252], [-83.936393, 35.9509214], [-83.9363691, 35.9509399]]]}"
Magnolia Hall,"{""rings"": [[[-83.9367562, 35.9500941], [-83.9368776, 35.9501961], [-83.9366147, 35.950401], [-83.9366178, 35.9504036], [-83.936522, 35.9504785], [-83.9364977, 35.9504581], [-83.936449, 35.9504962], [-83.9362805, 35.950355], [-83.9362529, 35.9503765], [-83.9361849, 35.9503195], [-83.9362061, 35.9503029], [-83.9361781, 35.9502794], [-83.9361877, 35.9502719], [-83.9361646, 35.9502525], [-83.9358455, 35.9505018], [-83.9357289, 35.9504039], [-83.9357573, 35.9503816], [-83.9357378, 35.9503653], [-83.936028, 35.9501388], [-83.9360238, 35.9501353], [-83.9361175, 35.9500624], [-83.9361406, 35.9500818], [-83.9361905, 35.950043], [-83.9363569, 35.9501832], [-83.9363765, 35.950168], [-83.9364431, 35.9502241], [-83.9364344, 35.9502309], [-83.9364656, 35.9502572], [-83.9364548, 35.9502656], [-83.9364752, 35.9502828], [-83.9367092, 35.9501005], [-83.9367278, 35.9501162], [-83.9367562, 35.9500941]]]}"
Ukirk Campus Ministries,"{""rings"": [[[-83.9336984, 35.953446], [-83.9336601, 35.9534657], [-83.9336471, 35.9534526], [-83.9335799, 35.953486], [-83.9335352, 35.9534322], [-83.9335169, 35.9534402], [-83.9334891, 35.9534015], [-83.9335211, 35.9533843], [-83.9335181, 35.9533781], [-83.9335708, 35.9533494], [-83.9336592, 35.9533033], [-83.9336687, 35.9533133], [-83.9337, 35.9532913], [-83.93373, 35.9533271], [-83.9337656, 35.9533661], [-83.9337221, 35.9533932], [-83.9337116, 35.9533827], [-83.9336736, 35.9534099], [-83.933688, 35.9534314], [-83.9336984, 35.953446]]]}"
Zeanah Engineering Complex,"{""rings"": [[[-83.9240778, 35.9558192], [-83.9237527, 35.9559156], [-83.923629, 35.955969], [-83.9232067, 35.9562003], [-83.9231535, 35.9561357], [-83.9231304, 35.9561479], [-83.9230853, 35.9560842], [-83.9231072, 35.9560711], [-83.9230644, 35.9560121], [-83.923297, 35.955895], [-83.9231419, 35.9556993], [-83.9231755, 35.9556843], [-83.9231547, 35.9556572], [-83.9232912, 35.9555897], [-83.9233143, 35.9556103], [-83.9233525, 35.9555916], [-83.9234844, 35.9557649], [-83.9236313, 35.9557096], [-83.9234797, 35.9553997], [-83.9235214, 35.9553903], [-83.9235144, 35.9553659], [-83.9236695, 35.9553201], [-83.923681, 35.9553435], [-83.9237215, 35.9553313], [-83.9238696, 35.9556637], [-83.9239876, 35.9556263], [-83.9240165, 35.9556843], [-83.9240454, 35.955674], [-83.9240801, 35.9557471], [-83.9240489, 35.9557592], [-83.9240778, 35.9558192]]]}"
Hopecote,"{""rings"": [[[-83.9332062, 35.9531183], [-83.9331631, 35.9531424], [-83.9331961, 35.9531842], [-83.9331046, 35.9532308], [-83.933119, 35.9532494], [-83.933027, 35.9532975], [-83.93299, 35.9532516], [-83.9329643, 35.9532172], [-83.933142, 35.9531207], [-83.9331272, 35.9530974], [-83.9331717, 35.9530726], [-83.9332062, 35.9531183]]]}"
Equity & Diversity,"{""rings"": [[[-83.9337158, 35.9529177], [-83.9335777, 35.9529919], [-83.9336032, 35.9530229], [-83.9335429, 35.9530557], [-83.9334937, 35.9529946], [-83.9335213, 35.9529795], [-83.9334786, 35.9529316], [-83.9336431, 35.9528325], [-83.9337158, 35.9529177]]]}"
Ceramics Annex,"{""rings"": [[[-83.9411419, 35.9496946], [-83.9410226, 35.9497648], [-83.9409855, 35.9497824], [-83.9409054, 35.9496868], [-83.9410555, 35.9495977], [-83.9411419, 35.9496946]]]}"
TVA Greenhouse,"{""rings"": [[[-83.9421463, 35.9500234], [-83.9419589, 35.9499673], [-83.9419954, 35.9498908], [-83.9420734, 35.9499124], [-83.9420791, 35.9498999], [-83.9421119, 35.9499108], [-83.9421078, 35.9499253], [-83.9421823, 35.9499469], [-83.9421463, 35.9500234]]]}"
Cowan Cottage,"{""rings"": [[[-83.931075, 35.9580653], [-83.9309266, 35.9581199], [-83.9308958, 35.9580692], [-83.9309395, 35.9580533], [-83.9309317, 35.9580393], [-83.9309954, 35.9580149], [-83.9310055, 35.9580305], [-83.9310479, 35.9580129], [-83.931075, 35.9580653]]]}"
Methodist Student Center,"{""rings"": [[[-83.9326037, 35.9546137], [-83.9325057, 35.9546531], [-83.9324836, 35.9546157], [-83.9323919, 35.954647], [-83.9323237, 35.9545247], [-83.9323957, 35.9544996], [-83.9323451, 35.9544059], [-83.9324267, 35.9543762], [-83.9324343, 35.9543896], [-83.9324482, 35.9543834], [-83.932464, 35.95441], [-83.9324887, 35.9544039], [-83.9326037, 35.9546137]]]}"
Baptist Student Center .,"{""rings"": [[[-83.9330949, 35.9539249], [-83.9327788, 35.9540992], [-83.9325969, 35.9538615], [-83.9326695, 35.9538243], [-83.9327136, 35.9538754], [-83.9327419, 35.9538606], [-83.9327178, 35.9538324], [-83.9328701, 35.953748], [-83.9329957, 35.9539008], [-83.9330501, 35.9538733], [-83.9330949, 35.9539249]]]}"
Christian Student Center,"{""rings"": [[[-83.9335494, 35.9536577], [-83.9334229, 35.9537193], [-83.9333115, 35.9535839], [-83.9332999, 35.9535903], [-83.9332779, 35.9535649], [-83.9332874, 35.9535593], [-83.9332592, 35.9535213], [-83.9333679, 35.9534584], [-83.9334027, 35.9535011], [-83.9334202, 35.9534906], [-83.9335494, 35.9536577]]]}"
Lee Softball Stadium,"{""rings"": [[[-83.9352767, 35.94588], [-83.9351997, 35.945895], [-83.9351823, 35.9458305], [-83.9351161, 35.9458423], [-83.9350981, 35.9457632], [-83.9351616, 35.9457509], [-83.9351554, 35.9457309], [-83.9350903, 35.9457382], [-83.9350835, 35.9457182], [-83.9351004, 35.9457164], [-83.9350571, 35.9455323], [-83.9350437, 35.9455332], [-83.9350422, 35.9455233], [-83.9350707, 35.9455187], [-83.9350626, 35.9454873], [-83.935025, 35.9454926], [-83.9350205, 35.9454729], [-83.9349501, 35.9454359], [-83.9349218, 35.9454366], [-83.9349164, 35.9454105], [-83.9348794, 35.9454152], [-83.9348839, 35.945442], [-83.9348683, 35.9454456], [-83.9348652, 35.9454325], [-83.9347921, 35.9454429], [-83.9347951, 35.9454563], [-83.934775, 35.9454576], [-83.9347726, 35.9454485], [-83.9346179, 35.9454787], [-83.9346083, 35.9454354], [-83.9345785, 35.9454398], [-83.93459, 35.9454902], [-83.9344934, 35.9455082], [-83.9344792, 35.9454529], [-83.9344215, 35.9454641], [-83.9344106, 35.9454327], [-83.9344046, 35.9454042], [-83.934597, 35.9453676], [-83.9346032, 35.9453944], [-83.9347475, 35.9453707], [-83.9347413, 35.9453512], [-83.9349692, 35.9453053], [-83.9350091, 35.9453271], [-83.9350248, 35.9453048], [-83.9351376, 35.9453648], [-83.9351231, 35.9453862], [-83.935159, 35.9454039], [-83.9351966, 35.9455912], [-83.9351708, 35.9455989], [-83.9352011, 35.9457162], [-83.9352381, 35.9457103], [-83.9352767, 35.94588]]]}"
Sigma Phi Epsilon,"{""rings"": [[[-83.9322191, 35.94819], [-83.9319998, 35.9479867], [-83.9319341, 35.9480343], [-83.9320281, 35.948124], [-83.9320025, 35.9481424], [-83.9319776, 35.9481228], [-83.931905, 35.9481766], [-83.9319188, 35.9481984], [-83.9318946, 35.9482164], [-83.9318496, 35.9481738], [-83.9317874, 35.9482253], [-83.93195, 35.948381], [-83.9320178, 35.9483373], [-83.9319839, 35.948302], [-83.9320129, 35.948283], [-83.9320572, 35.9483161], [-83.9321285, 35.9482696], [-83.9320876, 35.9482276], [-83.9321139, 35.948208], [-83.9321547, 35.9482393], [-83.9322191, 35.94819]]]}"
Rocky Top Dining Hall,"{""rings"": [[[-83.9344168, 35.9514227], [-83.9345533, 35.9515529], [-83.9344163, 35.951647], [-83.934526, 35.9517517], [-83.9343769, 35.9518541], [-83.9343962, 35.9518726], [-83.9342516, 35.9519714], [-83.9342052, 35.9519268], [-83.9339552, 35.9520973], [-83.9339806, 35.9521216], [-83.9339361, 35.9521518], [-83.9337092, 35.9519327], [-83.9334682, 35.9520963], [-83.9335559, 35.952181], [-83.9335113, 35.9522112], [-83.9334152, 35.9521182], [-83.934014, 35.9517128], [-83.934014, 35.9516773], [-83.9340488, 35.951654], [-83.9340836, 35.9516515], [-83.9344168, 35.9514227]]]}"
Terrace Avenue Parking Garage,"{""rings"": [[[-83.9344282, 35.9546237], [-83.9343927, 35.954637], [-83.9343423, 35.9546558], [-83.9335359, 35.9549561], [-83.9335313, 35.9549481], [-83.9334608, 35.9549743], [-83.9334268, 35.9549142], [-83.9334641, 35.9549004], [-83.9333962, 35.9547804], [-83.9334301, 35.9547678], [-83.9334125, 35.9547367], [-83.9334629, 35.9547181], [-83.9334396, 35.9546767], [-83.933431, 35.9546616], [-83.9334544, 35.9545884], [-83.9335388, 35.9544872], [-83.933736, 35.9543663], [-83.9337801, 35.9543499], [-83.9339508, 35.9542861], [-83.9339394, 35.9542657], [-83.9340034, 35.9542422], [-83.9340629, 35.9542203], [-83.9340743, 35.9542406], [-83.9340976, 35.954232], [-83.9340813, 35.9542032], [-83.9341562, 35.9541754], [-83.9341953, 35.9542443], [-83.9342095, 35.954239], [-83.9344282, 35.9546237]]]}"
Tyson House,"{""rings"": [[[-83.9318048, 35.9558728], [-83.9317589, 35.955783], [-83.9318001, 35.9557691], [-83.931756, 35.9556829], [-83.9316426, 35.9557208], [-83.9315753, 35.9555892], [-83.9315352, 35.9556027], [-83.9315172, 35.9555674], [-83.9314589, 35.955587], [-83.931583, 35.9558298], [-83.9316723, 35.9557999], [-83.9317235, 35.9559], [-83.9318048, 35.9558728]]]}"
Three Rivers Rambler,"{""rings"": [[[-83.9404796, 35.9529348], [-83.9403562, 35.9527046], [-83.9402804, 35.9527312], [-83.9404038, 35.9529615], [-83.9404796, 35.9529348]]]}"
Neyland Parking Garage G10,"{""rings"": [[[-83.9241743, 35.952325], [-83.9246959, 35.9524924], [-83.9243174, 35.9532379], [-83.9241793, 35.9531935], [-83.9241627, 35.9532248], [-83.9242231, 35.9532428], [-83.9242073, 35.9532753], [-83.9242393, 35.9532876], [-83.9236768, 35.954491], [-83.9235143, 35.9544398], [-83.9234691, 35.9545293], [-83.9233696, 35.9544984], [-83.9234024, 35.9544312], [-83.9234566, 35.9544487], [-83.9234701, 35.9544224], [-83.9232527, 35.9543486], [-83.9231563, 35.9543164], [-83.9241743, 35.952325]]]}"
Agricultural Sciences and Natural Resources,"{""rings"": [[[-83.9411055, 35.9478623], [-83.9406367, 35.9481132], [-83.9401208, 35.9475881], [-83.9403271, 35.9474674], [-83.9406232, 35.9472942], [-83.9406724, 35.9473637], [-83.9410311, 35.9477606], [-83.9411055, 35.9478623]]]}"
UT Gardens Pavilion,"{""rings"": [[[-83.9390004, 35.9440563], [-83.9388947, 35.9439998], [-83.9388132, 35.9440689], [-83.9389366, 35.9441314], [-83.9389386, 35.9440982], [-83.9390004, 35.9440563]]]}"
